{
    "0": [
        202.184,
        75.7603,
        0.977796
    ],
    "1": [
        229.293,
        114.935,
        0.902683
    ],
    "2": [
        211.378,
        114.978,
        0.901768
    ],
    "3": [
        202.205,
        184.225,
        0.861366
    ],
    "4": [
        175.062,
        226.309,
        0.910042
    ],
    "5": [
        244.367,
        114.968,
        0.951911
    ],
    "6": [
        256.427,
        181.282,
        0.86925
    ],
    "7": [
        265.525,
        244.394,
        0.85344
    ],
    "8": [
        220.319,
        238.357,
        0.736664
    ],
    "9": [
        235.32,
        319.77,
        0.923173
    ],
    "10": [
        307.674,
        370.795,
        0.909851
    ],
    "11": [
        235.309,
        238.417,
        0.790434
    ],
    "12": [
        202.141,
        325.717,
        0.890699
    ],
    "13": [
        199.241,
        410.076,
        0.885026
    ],
    "14": [
        199.313,
        66.7249,
        0.526702
    ],
    "15": [
        205.388,
        66.6753,
        0.968993
    ],
    "16": [
        6.41973,
        135.971,
        0.0592212
    ],
    "17": [
        229.402,
        69.681,
        0.911248
    ]
}