{
    "0": [
        422.162,
        87.8149,
        0.992286
    ],
    "1": [
        449.188,
        123.985,
        0.86718
    ],
    "2": [
        440.206,
        123.891,
        0.80929
    ],
    "3": [
        431.118,
        178.167,
        0.523309
    ],
    "4": [
        401.025,
        208.349,
        0.546804
    ],
    "5": [
        461.222,
        124.037,
        0.881993
    ],
    "6": [
        440.124,
        181.223,
        0.786502
    ],
    "7": [
        398.062,
        214.208,
        0.821411
    ],
    "8": [
        443.196,
        232.37,
        0.810344
    ],
    "9": [
        464.104,
        313.616,
        0.602286
    ],
    "10": [
        479.207,
        385.87,
        0.614129
    ],
    "11": [
        452.249,
        235.328,
        0.842025
    ],
    "12": [
        404.001,
        304.719,
        0.796367
    ],
    "13": [
        397.983,
        382.996,
        0.812917
    ],
    "14": [
        422.035,
        84.7372,
        0.407997
    ],
    "15": [
        431.039,
        81.8358,
        0.9668
    ],
    "16": [
        NaN,
        NaN,
        NaN
    ],
    "17": [
        449.209,
        81.9042,
        0.924591
    ]
}