{
    "0": [
        738.175,
        105.81,
        0.988755
    ],
    "1": [
        759.28,
        138.969,
        0.903997
    ],
    "2": [
        741.317,
        136.083,
        0.877866
    ],
    "3": [
        729.289,
        187.259,
        0.377522
    ],
    "4": [
        711.182,
        208.18,
        0.251456
    ],
    "5": [
        777.273,
        139.032,
        0.925992
    ],
    "6": [
        789.481,
        193.161,
        0.899423
    ],
    "7": [
        801.55,
        232.479,
        0.952337
    ],
    "8": [
        738.318,
        235.419,
        0.805629
    ],
    "9": [
        753.364,
        304.666,
        0.855472
    ],
    "10": [
        804.47,
        358.763,
        0.951723
    ],
    "11": [
        759.257,
        238.403,
        0.883969
    ],
    "12": [
        729.189,
        304.647,
        0.870985
    ],
    "13": [
        717.232,
        376.928,
        0.894136
    ],
    "14": [
        735.175,
        99.7959,
        0.635851
    ],
    "15": [
        744.226,
        99.7903,
        0.942409
    ],
    "16": [
        6.34965,
        54.748,
        0.0585161
    ],
    "17": [
        762.294,
        99.8862,
        0.903391
    ]
}