{
    "0": [
        660.04,
        99.9144,
        0.964471
    ],
    "1": [
        683.92,
        133.032,
        0.936481
    ],
    "2": [
        665.995,
        132.925,
        0.903323
    ],
    "3": [
        659.844,
        178.193,
        0.56579
    ],
    "4": [
        644.831,
        214.213,
        0.476746
    ],
    "5": [
        699.004,
        133.11,
        0.917364
    ],
    "6": [
        683.961,
        187.174,
        0.889184
    ],
    "7": [
        653.859,
        214.316,
        0.883652
    ],
    "8": [
        662.865,
        232.375,
        0.896612
    ],
    "9": [
        638.773,
        301.612,
        0.964765
    ],
    "10": [
        614.782,
        370.756,
        0.940512
    ],
    "11": [
        687.107,
        235.431,
        0.869922
    ],
    "12": [
        696.088,
        307.599,
        0.876353
    ],
    "13": [
        714.13,
        373.961,
        0.959368
    ],
    "14": [
        660.033,
        93.9466,
        0.396578
    ],
    "15": [
        665.909,
        90.9425,
        0.960552
    ],
    "16": [
        NaN,
        NaN,
        NaN
    ],
    "17": [
        684.115,
        96.8852,
        0.920026
    ]
}