{
    "0": [
        66.8357,
        66.7149,
        0.987718
    ],
    "1": [
        108.995,
        105.827,
        0.835503
    ],
    "2": [
        99.8269,
        102.835,
        0.715604
    ],
    "3": [
        78.8523,
        163.087,
        0.458942
    ],
    "4": [
        30.6578,
        181.218,
        0.33276
    ],
    "5": [
        123.903,
        105.846,
        0.949703
    ],
    "6": [
        87.8136,
        166.159,
        0.776634
    ],
    "7": [
        33.5617,
        196.15,
        0.840389
    ],
    "8": [
        102.872,
        238.323,
        0.73556
    ],
    "9": [
        60.8392,
        328.656,
        0.584399
    ],
    "10": [
        36.6758,
        413.079,
        0.48131
    ],
    "11": [
        117.875,
        238.441,
        0.806156
    ],
    "12": [
        60.6748,
        328.777,
        0.60063
    ],
    "13": [
        33.7836,
        419.016,
        0.731069
    ],
    "14": [
        63.8135,
        57.6373,
        0.362102
    ],
    "15": [
        78.8137,
        60.6247,
        1.02088
    ],
    "16": [
        6.3807,
        54.7405,
        0.0592362
    ],
    "17": [
        108.902,
        60.7897,
        0.973576
    ]
}