{
    "0": [
        6.36925,
        45.7389,
        0.783164
    ],
    "1": [
        6.47689,
        90.8426,
        0.797554
    ],
    "2": [
        6.42131,
        87.7802,
        0.597073
    ],
    "3": [
        6.36011,
        151.056,
        0.119445
    ],
    "4": [
        NaN,
        NaN,
        NaN
    ],
    "5": [
        39.7297,
        96.8679,
        0.92113
    ],
    "6": [
        45.6942,
        175.069,
        0.924688
    ],
    "7": [
        45.6889,
        235.392,
        0.943323
    ],
    "8": [
        6.36,
        226.296,
        0.412282
    ],
    "9": [
        6.41009,
        337.693,
        0.551737
    ],
    "10": [
        24.5207,
        413.098,
        0.685012
    ],
    "11": [
        6.45683,
        229.387,
        0.759138
    ],
    "12": [
        6.43001,
        331.742,
        0.762432
    ],
    "13": [
        78.8279,
        385.955,
        0.820607
    ],
    "14": [
        6.34642,
        39.6543,
        0.486041
    ],
    "15": [
        6.41,
        39.5743,
        0.923292
    ],
    "16": [
        NaN,
        NaN,
        NaN
    ],
    "17": [
        30.6486,
        42.6978,
        0.880703
    ]
}