{
    "0": [
        900.783,
        105.858,
        0.954219
    ],
    "1": [
        918.924,
        138.995,
        0.934492
    ],
    "2": [
        900.927,
        136.09,
        0.867908
    ],
    "3": [
        894.819,
        178.19,
        0.477125
    ],
    "4": [
        885.857,
        223.372,
        0.370873
    ],
    "5": [
        931.08,
        141.979,
        0.926588
    ],
    "6": [
        924.968,
        193.191,
        0.811429
    ],
    "7": [
        903.851,
        220.321,
        0.980067
    ],
    "8": [
        897.792,
        232.337,
        0.782154
    ],
    "9": [
        870.766,
        289.554,
        0.935817
    ],
    "10": [
        855.697,
        361.743,
        0.880094
    ],
    "11": [
        921.952,
        235.439,
        0.810518
    ],
    "12": [
        924.973,
        292.563,
        0.799663
    ],
    "13": [
        930.957,
        349.716,
        0.701674
    ],
    "14": [
        897.818,
        102.784,
        0.455811
    ],
    "15": [
        903.892,
        99.8852,
        0.949411
    ],
    "16": [
        NaN,
        NaN,
        NaN
    ],
    "17": [
        924.85,
        102.927,
        0.941615
    ]
}