{
    "0": [
        503.446,
        96.9195,
        0.938198
    ],
    "1": [
        524.53,
        135.911,
        0.919155
    ],
    "2": [
        512.369,
        133.091,
        0.900604
    ],
    "3": [
        497.351,
        190.231,
        0.753233
    ],
    "4": [
        461.198,
        217.214,
        0.838542
    ],
    "5": [
        539.567,
        135.97,
        0.936372
    ],
    "6": [
        563.483,
        190.19,
        0.886365
    ],
    "7": [
        575.669,
        235.465,
        0.938883
    ],
    "8": [
        512.383,
        241.326,
        0.786637
    ],
    "9": [
        539.432,
        310.588,
        0.913043
    ],
    "10": [
        584.745,
        373.823,
        0.98553
    ],
    "11": [
        524.382,
        241.332,
        0.822859
    ],
    "12": [
        494.442,
        313.68,
        0.910829
    ],
    "13": [
        482.254,
        391.907,
        0.912799
    ],
    "14": [
        500.416,
        90.7835,
        0.593155
    ],
    "15": [
        512.492,
        90.825,
        0.959802
    ],
    "16": [
        NaN,
        NaN,
        NaN
    ],
    "17": [
        533.465,
        93.8806,
        0.889543
    ]
}