{
    "0": [
        831.648,
        105.957,
        0.986327
    ],
    "1": [
        852.71,
        139.001,
        0.934158
    ],
    "2": [
        837.562,
        136.061,
        0.889533
    ],
    "3": [
        825.494,
        181.233,
        0.766646
    ],
    "4": [
        822.596,
        223.308,
        0.613408
    ],
    "5": [
        870.691,
        142.031,
        0.934489
    ],
    "6": [
        864.688,
        202.139,
        0.820806
    ],
    "7": [
        843.638,
        226.322,
        0.889008
    ],
    "8": [
        828.684,
        235.307,
        0.871748
    ],
    "9": [
        822.516,
        301.717,
        0.902493
    ],
    "10": [
        822.581,
        367.869,
        0.964306
    ],
    "11": [
        852.75,
        238.315,
        0.865951
    ],
    "12": [
        852.691,
        301.715,
        0.883929
    ],
    "13": [
        894.798,
        343.765,
        0.805288
    ],
    "14": [
        831.49,
        102.881,
        0.506479
    ],
    "15": [
        837.584,
        102.79,
        0.955996
    ],
    "16": [
        NaN,
        NaN,
        NaN
    ],
    "17": [
        855.706,
        102.946,
        0.978923
    ]
}