{
    "0": [
        753.21,
        105.901,
        0.966991
    ],
    "1": [
        771.29,
        139.061,
        0.910568
    ],
    "2": [
        750.3,
        139.027,
        0.884699
    ],
    "3": [
        738.237,
        184.205,
        0.687919
    ],
    "4": [
        714.24,
        205.304,
        0.643319
    ],
    "5": [
        789.413,
        142.003,
        0.916804
    ],
    "6": [
        807.604,
        190.203,
        0.89606
    ],
    "7": [
        822.501,
        235.317,
        0.939038
    ],
    "8": [
        753.204,
        235.446,
        0.821478
    ],
    "9": [
        774.349,
        301.697,
        0.854515
    ],
    "10": [
        816.455,
        364.858,
        0.954732
    ],
    "11": [
        771.322,
        238.381,
        0.841267
    ],
    "12": [
        741.238,
        304.613,
        0.891543
    ],
    "13": [
        723.121,
        373.934,
        0.907682
    ],
    "14": [
        747.301,
        99.8665,
        0.758954
    ],
    "15": [
        759.242,
        99.9403,
        0.973201
    ],
    "16": [
        NaN,
        NaN,
        NaN
    ],
    "17": [
        777.379,
        102.917,
        0.901865
    ]
}