{
    "0": [
        849.587,
        108.865,
        0.9694
    ],
    "1": [
        864.665,
        141.962,
        0.915556
    ],
    "2": [
        849.594,
        139.054,
        0.859725
    ],
    "3": [
        837.675,
        178.167,
        0.676243
    ],
    "4": [
        831.621,
        217.294,
        0.560633
    ],
    "5": [
        882.705,
        142.108,
        0.929006
    ],
    "6": [
        873.778,
        196.275,
        0.8275
    ],
    "7": [
        849.575,
        220.311,
        0.916642
    ],
    "8": [
        843.586,
        235.446,
        0.833492
    ],
    "9": [
        828.466,
        301.553,
        0.953913
    ],
    "10": [
        822.584,
        367.894,
        0.947336
    ],
    "11": [
        867.775,
        241.323,
        0.838742
    ],
    "12": [
        873.708,
        301.611,
        0.929204
    ],
    "13": [
        906.936,
        346.885,
        0.770114
    ],
    "14": [
        843.705,
        102.935,
        0.754343
    ],
    "15": [
        855.587,
        102.968,
        1.0053
    ],
    "16": [
        NaN,
        NaN,
        NaN
    ],
    "17": [
        873.661,
        105.944,
        0.926711
    ]
}