{
    "0": [
        909.834,
        102.921,
        0.964948
    ],
    "1": [
        928.026,
        136.063,
        0.960912
    ],
    "2": [
        909.898,
        136.023,
        0.883949
    ],
    "3": [
        903.794,
        187.23,
        0.611701
    ],
    "4": [
        900.798,
        229.301,
        0.681288
    ],
    "5": [
        955.12,
        139.016,
        0.925201
    ],
    "6": [
        955.086,
        196.24,
        0.824083
    ],
    "7": [
        924.915,
        226.308,
        0.958182
    ],
    "8": [
        906.901,
        229.319,
        0.890462
    ],
    "9": [
        879.674,
        283.518,
        0.987212
    ],
    "10": [
        888.839,
        343.715,
        0.872672
    ],
    "11": [
        934.016,
        232.406,
        0.815314
    ],
    "12": [
        930.992,
        292.539,
        0.881113
    ],
    "13": [
        934.006,
        343.736,
        0.689353
    ],
    "14": [
        906.826,
        96.9127,
        0.680635
    ],
    "15": [
        918.828,
        96.8523,
        0.932994
    ],
    "16": [
        NaN,
        NaN,
        NaN
    ],
    "17": [
        931.087,
        102.786,
        0.908813
    ]
}