{
    "0": [
        190.22,
        72.8489,
        0.937498
    ],
    "1": [
        223.335,
        112.006,
        0.862164
    ],
    "2": [
        211.267,
        111.945,
        0.853299
    ],
    "3": [
        202.189,
        181.219,
        0.774116
    ],
    "4": [
        172.212,
        226.426,
        0.943032
    ],
    "5": [
        232.437,
        114.977,
        0.938863
    ],
    "6": [
        241.395,
        187.132,
        0.828711
    ],
    "7": [
        250.41,
        244.405,
        0.877088
    ],
    "8": [
        208.279,
        235.385,
        0.777687
    ],
    "9": [
        217.279,
        322.596,
        0.939029
    ],
    "10": [
        298.66,
        364.827,
        0.892691
    ],
    "11": [
        220.224,
        235.471,
        0.781242
    ],
    "12": [
        199.196,
        325.685,
        0.892744
    ],
    "13": [
        199.196,
        410.027,
        0.890719
    ],
    "14": [
        187.177,
        63.7716,
        0.274339
    ],
    "15": [
        199.235,
        63.7532,
        0.973279
    ],
    "16": [
        NaN,
        NaN,
        NaN
    ],
    "17": [
        223.226,
        66.763,
        0.947428
    ]
}