{
    "0": [
        120.999,
        66.6752,
        0.900567
    ],
    "1": [
        157.058,
        102.873,
        0.859334
    ],
    "2": [
        145.107,
        99.8989,
        0.773151
    ],
    "3": [
        129.928,
        166.065,
        0.435346
    ],
    "4": [
        87.8099,
        205.199,
        0.38777
    ],
    "5": [
        166.178,
        102.946,
        0.955313
    ],
    "6": [
        133,
        166.163,
        0.833842
    ],
    "7": [
        81.8591,
        202.279,
        0.936064
    ],
    "8": [
        141.963,
        235.301,
        0.802135
    ],
    "9": [
        105.87,
        310.708,
        0.959287
    ],
    "10": [
        105.989,
        401.007,
        0.967729
    ],
    "11": [
        166.091,
        235.454,
        0.817124
    ],
    "12": [
        172.077,
        322.688,
        0.896587
    ],
    "13": [
        196.218,
        409.972,
        0.894135
    ],
    "14": [
        117.926,
        60.7017,
        0.140218
    ],
    "15": [
        129.961,
        57.7679,
        0.972942
    ],
    "16": [
        6.40066,
        54.7148,
        0.0893781
    ],
    "17": [
        154.021,
        57.7876,
        0.968984
    ]
}