{
    "0": [
        593.696,
        93.8261,
        0.948469
    ],
    "1": [
        614.716,
        130.026,
        0.922796
    ],
    "2": [
        599.795,
        130.018,
        0.857256
    ],
    "3": [
        590.8,
        187.168,
        0.192971
    ],
    "4": [
        587.741,
        226.411,
        0.213776
    ],
    "5": [
        629.801,
        132.873,
        0.919076
    ],
    "6": [
        623.903,
        190.149,
        0.876199
    ],
    "7": [
        614.727,
        232.434,
        0.970495
    ],
    "8": [
        590.726,
        229.408,
        0.83136
    ],
    "9": [
        599.685,
        304.623,
        0.840658
    ],
    "10": [
        659.947,
        352.726,
        0.795985
    ],
    "11": [
        611.726,
        232.288,
        0.875077
    ],
    "12": [
        593.762,
        304.745,
        0.864696
    ],
    "13": [
        596.631,
        373.986,
        0.903587
    ],
    "14": [
        590.728,
        87.8726,
        0.577926
    ],
    "15": [
        599.786,
        87.7658,
        0.95098
    ],
    "16": [
        NaN,
        NaN,
        NaN
    ],
    "17": [
        617.791,
        90.8383,
        0.900088
    ]
}