{
    "0": [
        295.675,
        81.7356,
        0.947463
    ],
    "1": [
        322.753,
        117.903,
        0.882095
    ],
    "2": [
        310.674,
        117.903,
        0.881642
    ],
    "3": [
        298.551,
        175.146,
        0.900177
    ],
    "4": [
        259.491,
        214.31,
        0.953641
    ],
    "5": [
        337.658,
        118,
        0.939131
    ],
    "6": [
        352.876,
        184.193,
        0.857103
    ],
    "7": [
        355.873,
        238.383,
        0.850359
    ],
    "8": [
        316.681,
        232.295,
        0.797615
    ],
    "9": [
        325.664,
        316.582,
        0.94022
    ],
    "10": [
        346.706,
        394.873,
        0.920071
    ],
    "11": [
        322.726,
        232.321,
        0.86365
    ],
    "12": [
        283.603,
        304.651,
        0.939204
    ],
    "13": [
        310.733,
        391.924,
        0.923422
    ],
    "14": [
        295.612,
        72.8532,
        0.462687
    ],
    "15": [
        301.653,
        75.6922,
        0.948227
    ],
    "16": [
        6.43443,
        136.082,
        0.0941036
    ],
    "17": [
        325.586,
        75.8499,
        0.97443
    ]
}