{
    "0": [
        690.092,
        96.796,
        0.935268
    ],
    "1": [
        711.167,
        130.062,
        0.960644
    ],
    "2": [
        702.028,
        129.924,
        0.882298
    ],
    "3": [
        696.16,
        184.162,
        0.377859
    ],
    "4": [
        687.018,
        226.404,
        0.450374
    ],
    "5": [
        726.186,
        132.969,
        0.923697
    ],
    "6": [
        717.252,
        190.164,
        0.838448
    ],
    "7": [
        711.082,
        229.424,
        0.90648
    ],
    "8": [
        693.171,
        229.261,
        0.901552
    ],
    "9": [
        663.063,
        295.635,
        0.941116
    ],
    "10": [
        693.069,
        361.848,
        0.929577
    ],
    "11": [
        717.157,
        229.469,
        0.88794
    ],
    "12": [
        711.104,
        304.609,
        0.946276
    ],
    "13": [
        714.196,
        374.015,
        0.914731
    ],
    "14": [
        687.135,
        87.9442,
        0.563194
    ],
    "15": [
        696.151,
        87.8757,
        0.948058
    ],
    "16": [
        NaN,
        NaN,
        NaN
    ],
    "17": [
        714.239,
        90.9125,
        0.895227
    ]
}