{
    "0": [
        934.017,
        105.887,
        0.945018
    ],
    "1": [
        955.141,
        136.042,
        0.922102
    ],
    "2": [
        930.931,
        135.93,
        0.896762
    ],
    "3": [
        915.952,
        178.147,
        0.965696
    ],
    "4": [
        897.837,
        220.308,
        1.00964
    ],
    "5": [
        955.205,
        136.062,
        0.58882
    ],
    "6": [
        955.145,
        184.124,
        0.373263
    ],
    "7": [
        955.148,
        223.244,
        0.373439
    ],
    "8": [
        928.019,
        226.346,
        0.952857
    ],
    "9": [
        921.951,
        292.589,
        0.872009
    ],
    "10": [
        955.08,
        343.733,
        0.525639
    ],
    "11": [
        955.149,
        232.274,
        0.794818
    ],
    "12": [
        937.07,
        292.578,
        0.650835
    ],
    "13": [
        955.138,
        337.783,
        0.509397
    ],
    "14": [
        930.919,
        102.76,
        0.796839
    ],
    "15": [
        955.095,
        99.8764,
        0.943171
    ],
    "16": [
        955.124,
        114.886,
        0.0806491
    ],
    "17": [
        955.18,
        99.9472,
        0.894118
    ]
}