{
    "0": [
        181.145,
        69.7989,
        1.01279
    ],
    "1": [
        214.373,
        108.985,
        0.869535
    ],
    "2": [
        202.29,
        108.944,
        0.909875
    ],
    "3": [
        199.148,
        181.161,
        0.712103
    ],
    "4": [
        175.027,
        226.361,
        0.89399
    ],
    "5": [
        226.343,
        111.843,
        0.957651
    ],
    "6": [
        232.445,
        181.266,
        0.888684
    ],
    "7": [
        229.455,
        241.426,
        0.894082
    ],
    "8": [
        199.271,
        232.359,
        0.763686
    ],
    "9": [
        208.231,
        319.767,
        0.860427
    ],
    "10": [
        286.565,
        364.889,
        0.825231
    ],
    "11": [
        214.299,
        232.441,
        0.792981
    ],
    "12": [
        193.208,
        325.603,
        0.903353
    ],
    "13": [
        199.185,
        412.971,
        0.910233
    ],
    "14": [
        178.274,
        60.8594,
        0.347925
    ],
    "15": [
        187.268,
        60.7241,
        0.976867
    ],
    "16": [
        6.42856,
        136.031,
        0.0627303
    ],
    "17": [
        214.268,
        60.8554,
        0.939711
    ]
}