{
    "0": [
        852.765,
        108.815,
        0.980537
    ],
    "1": [
        870.76,
        141.941,
        0.907045
    ],
    "2": [
        855.632,
        139.043,
        0.897104
    ],
    "3": [
        846.63,
        181.169,
        0.66167
    ],
    "4": [
        834.667,
        220.197,
        0.528801
    ],
    "5": [
        885.802,
        142.001,
        0.928237
    ],
    "6": [
        876.83,
        190.259,
        0.857557
    ],
    "7": [
        852.566,
        217.256,
        0.903972
    ],
    "8": [
        852.569,
        238.315,
        0.843143
    ],
    "9": [
        828.637,
        301.634,
        0.961532
    ],
    "10": [
        825.445,
        367.88,
        0.92459
    ],
    "11": [
        876.725,
        241.333,
        0.853433
    ],
    "12": [
        885.731,
        301.588,
        0.910904
    ],
    "13": [
        918.942,
        346.786,
        0.751589
    ],
    "14": [
        852.63,
        105.771,
        0.561398
    ],
    "15": [
        858.67,
        102.909,
        0.983182
    ],
    "16": [
        NaN,
        NaN,
        NaN
    ],
    "17": [
        876.784,
        105.846,
        0.981053
    ]
}