{
    "0": [
        807.594,
        105.864,
        0.953828
    ],
    "1": [
        828.591,
        136.104,
        0.914325
    ],
    "2": [
        810.489,
        136.014,
        0.892789
    ],
    "3": [
        798.514,
        184.091,
        0.527954
    ],
    "4": [
        783.484,
        208.333,
        0.495814
    ],
    "5": [
        846.683,
        139.037,
        0.933478
    ],
    "6": [
        846.62,
        193.278,
        0.893335
    ],
    "7": [
        843.544,
        232.455,
        0.896412
    ],
    "8": [
        801.527,
        229.316,
        0.890248
    ],
    "9": [
        801.499,
        295.604,
        0.832905
    ],
    "10": [
        828.526,
        355.828,
        0.769229
    ],
    "11": [
        822.588,
        232.379,
        0.920696
    ],
    "12": [
        807.393,
        295.684,
        0.929148
    ],
    "13": [
        840.614,
        352.841,
        0.756303
    ],
    "14": [
        807.4,
        99.8824,
        0.592689
    ],
    "15": [
        813.54,
        99.8577,
        0.928636
    ],
    "16": [
        NaN,
        NaN,
        NaN
    ],
    "17": [
        831.675,
        99.9076,
        0.911405
    ]
}