{
    "0": [
        955.118,
        105.925,
        1.04434
    ],
    "1": [
        955.16,
        138.985,
        0.911655
    ],
    "2": [
        930.952,
        136.083,
        0.919179
    ],
    "3": [
        918.839,
        181.091,
        0.940001
    ],
    "4": [
        900.773,
        220.243,
        1.00815
    ],
    "5": [
        955.214,
        139.095,
        0.460947
    ],
    "6": [
        955.17,
        187.134,
        0.289228
    ],
    "7": [
        955.19,
        217.316,
        0.267153
    ],
    "8": [
        931.005,
        226.375,
        0.916645
    ],
    "9": [
        928.076,
        289.575,
        0.852301
    ],
    "10": [
        955.089,
        334.743,
        0.574062
    ],
    "11": [
        955.163,
        229.332,
        0.740086
    ],
    "12": [
        955.111,
        286.54,
        0.605343
    ],
    "13": [
        955.158,
        334.685,
        0.478136
    ],
    "14": [
        955.079,
        99.8841,
        0.884848
    ],
    "15": [
        955.154,
        99.8575,
        1.02063
    ],
    "16": [
        955.089,
        106.001,
        0.328132
    ],
    "17": [
        955.212,
        102.782,
        0.671424
    ]
}