{
    "0": [
        262.479,
        84.697,
        0.928422
    ],
    "1": [
        295.542,
        120.915,
        0.876267
    ],
    "2": [
        280.572,
        120.907,
        0.854274
    ],
    "3": [
        259.466,
        178.189,
        0.841882
    ],
    "4": [
        211.304,
        205.327,
        0.934838
    ],
    "5": [
        307.564,
        120.948,
        0.931926
    ],
    "6": [
        334.714,
        190.134,
        0.865317
    ],
    "7": [
        352.8,
        238.444,
        0.82879
    ],
    "8": [
        286.503,
        238.404,
        0.737521
    ],
    "9": [
        316.667,
        319.656,
        0.892668
    ],
    "10": [
        343.813,
        391.965,
        0.894509
    ],
    "11": [
        289.641,
        238.425,
        0.80975
    ],
    "12": [
        256.401,
        319.641,
        0.93629
    ],
    "13": [
        223.211,
        404,
        0.898038
    ],
    "14": [
        259.432,
        75.8293,
        0.403656
    ],
    "15": [
        271.482,
        75.8391,
        0.924556
    ],
    "16": [
        6.40991,
        135.938,
        0.0673896
    ],
    "17": [
        292.601,
        78.6805,
        0.945609
    ]
}