{
    "0": [
        105.791,
        69.7042,
        0.97567
    ],
    "1": [
        144.981,
        99.8752,
        0.786731
    ],
    "2": [
        136.048,
        99.7723,
        0.708639
    ],
    "3": [
        111.934,
        163.129,
        0.320304
    ],
    "4": [
        39.691,
        190.189,
        0.212692
    ],
    "5": [
        148.081,
        102.783,
        0.907066
    ],
    "6": [
        108.875,
        163.184,
        0.826691
    ],
    "7": [
        54.6458,
        196.286,
        0.903653
    ],
    "8": [
        153.993,
        238.434,
        0.720276
    ],
    "9": [
        163.033,
        328.702,
        0.883662
    ],
    "10": [
        196.139,
        410.02,
        0.911367
    ],
    "11": [
        133.066,
        238.356,
        0.811948
    ],
    "12": [
        93.7676,
        322.667,
        0.953439
    ],
    "13": [
        63.7054,
        406.96,
        0.934786
    ],
    "14": [
        96.8318,
        57.8188,
        0.555431
    ],
    "15": [
        111.916,
        57.8321,
        0.984154
    ],
    "16": [
        6.40548,
        54.799,
        0.141033
    ],
    "17": [
        141.977,
        57.7871,
        0.940242
    ]
}