{
    "0": [
        873.805,
        108.891,
        0.937867
    ],
    "1": [
        891.761,
        142.039,
        0.897802
    ],
    "2": [
        876.68,
        142.007,
        0.877143
    ],
    "3": [
        870.627,
        181.131,
        0.557162
    ],
    "4": [
        855.697,
        217.226,
        0.489163
    ],
    "5": [
        906.872,
        144.944,
        0.903542
    ],
    "6": [
        897.899,
        187.287,
        0.850827
    ],
    "7": [
        870.645,
        214.245,
        0.860419
    ],
    "8": [
        873.672,
        235.339,
        0.841735
    ],
    "9": [
        849.54,
        295.553,
        0.971192
    ],
    "10": [
        828.452,
        361.859,
        0.935039
    ],
    "11": [
        900.769,
        241.308,
        0.871761
    ],
    "12": [
        909.897,
        301.632,
        0.838065
    ],
    "13": [
        927.829,
        349.85,
        0.645786
    ],
    "14": [
        873.647,
        105.874,
        0.611632
    ],
    "15": [
        879.754,
        105.798,
        0.985241
    ],
    "16": [
        NaN,
        NaN,
        NaN
    ],
    "17": [
        897.859,
        105.972,
        0.938302
    ]
}