{
    "0": [
        307.718,
        81.8683,
        0.920769
    ],
    "1": [
        340.764,
        115.007,
        0.850294
    ],
    "2": [
        328.726,
        114.96,
        0.872
    ],
    "3": [
        319.718,
        178.137,
        0.842701
    ],
    "4": [
        289.561,
        220.395,
        0.94777
    ],
    "5": [
        349.831,
        117.924,
        0.912256
    ],
    "6": [
        352.859,
        184.168,
        0.852854
    ],
    "7": [
        355.823,
        241.391,
        0.878117
    ],
    "8": [
        328.696,
        229.325,
        0.810351
    ],
    "9": [
        322.614,
        304.696,
        0.743963
    ],
    "10": [
        349.78,
        373.831,
        0.766201
    ],
    "11": [
        337.8,
        232.307,
        0.831792
    ],
    "12": [
        307.661,
        304.707,
        0.895107
    ],
    "13": [
        355.803,
        373.831,
        0.831836
    ],
    "14": [
        304.752,
        78.7204,
        0.221697
    ],
    "15": [
        316.709,
        75.7858,
        0.923756
    ],
    "16": [
        6.43239,
        138.994,
        0.0501628
    ],
    "17": [
        337.751,
        78.6599,
        0.942407
    ]
}