{
    "0": [
        247.361,
        81.9099,
        0.973235
    ],
    "1": [
        274.563,
        120.969,
        0.886418
    ],
    "2": [
        262.459,
        120.986,
        0.856005
    ],
    "3": [
        244.358,
        181.222,
        0.882084
    ],
    "4": [
        196.181,
        208.319,
        0.908941
    ],
    "5": [
        286.565,
        120.977,
        0.93154
    ],
    "6": [
        319.595,
        184.132,
        0.865965
    ],
    "7": [
        343.799,
        235.363,
        0.826753
    ],
    "8": [
        274.464,
        244.308,
        0.765508
    ],
    "9": [
        304.666,
        322.627,
        0.926295
    ],
    "10": [
        343.684,
        391.961,
        0.90869
    ],
    "11": [
        271.527,
        244.323,
        0.83568
    ],
    "12": [
        238.404,
        322.805,
        0.90319
    ],
    "13": [
        205.145,
        404.092,
        0.931938
    ],
    "14": [
        244.409,
        75.8274,
        0.560362
    ],
    "15": [
        253.429,
        78.6701,
        0.969628
    ],
    "16": [
        NaN,
        NaN,
        NaN
    ],
    "17": [
        277.424,
        78.7953,
        0.970212
    ]
}