{
    "0": [
        340.704,
        84.7972,
        0.946091
    ],
    "1": [
        370.783,
        121.013,
        0.866094
    ],
    "2": [
        358.825,
        120.956,
        0.829298
    ],
    "3": [
        361.883,
        178.212,
        0.268543
    ],
    "4": [
        331.651,
        223.328,
        0.188274
    ],
    "5": [
        376.949,
        123.891,
        0.887796
    ],
    "6": [
        373.889,
        184.216,
        0.989414
    ],
    "7": [
        346.795,
        232.276,
        0.931376
    ],
    "8": [
        358.843,
        232.389,
        0.744465
    ],
    "9": [
        349.732,
        313.723,
        0.854595
    ],
    "10": [
        346.868,
        392.038,
        0.799032
    ],
    "11": [
        367.765,
        235.391,
        0.866204
    ],
    "12": [
        352.865,
        316.697,
        0.906305
    ],
    "13": [
        431.126,
        364.86,
        0.846312
    ],
    "14": [
        334.783,
        78.8849,
        0.439403
    ],
    "15": [
        346.763,
        78.7979,
        0.956363
    ],
    "16": [
        6.45858,
        139.072,
        0.0697311
    ],
    "17": [
        367.803,
        78.8659,
        0.921681
    ]
}