{
    "0": [
        419.029,
        87.9027,
        0.935625
    ],
    "1": [
        446.049,
        126.915,
        0.88642
    ],
    "2": [
        434.098,
        123.972,
        0.807444
    ],
    "3": [
        425.153,
        181.172,
        0.534394
    ],
    "4": [
        397.958,
        208.37,
        0.463214
    ],
    "5": [
        455.199,
        126.914,
        0.889835
    ],
    "6": [
        434.063,
        181.095,
        0.809473
    ],
    "7": [
        392.003,
        208.259,
        0.861295
    ],
    "8": [
        425.116,
        235.47,
        0.879696
    ],
    "9": [
        400.947,
        307.607,
        0.936937
    ],
    "10": [
        382.91,
        379.875,
        0.947637
    ],
    "11": [
        452.247,
        241.408,
        0.869082
    ],
    "12": [
        464.148,
        319.6,
        0.907149
    ],
    "13": [
        479.243,
        388.842,
        0.910065
    ],
    "14": [
        418.965,
        84.8693,
        0.408649
    ],
    "15": [
        424.998,
        84.7086,
        0.984768
    ],
    "16": [
        NaN,
        NaN,
        NaN
    ],
    "17": [
        446.071,
        84.8126,
        0.960975
    ]
}