{
    "0": [
        894.777,
        105.967,
        0.947363
    ],
    "1": [
        912.856,
        141.967,
        0.946389
    ],
    "2": [
        894.847,
        139.06,
        0.854797
    ],
    "3": [
        888.769,
        175.214,
        0.570493
    ],
    "4": [
        879.81,
        217.285,
        0.366216
    ],
    "5": [
        928.025,
        142.101,
        0.945881
    ],
    "6": [
        921.831,
        190.285,
        0.797383
    ],
    "7": [
        894.771,
        217.321,
        0.934592
    ],
    "8": [
        891.785,
        232.37,
        0.795356
    ],
    "9": [
        864.659,
        292.533,
        0.914993
    ],
    "10": [
        846.653,
        361.764,
        0.914788
    ],
    "11": [
        918.848,
        238.371,
        0.831557
    ],
    "12": [
        924.915,
        301.556,
        0.835714
    ],
    "13": [
        937.042,
        352.759,
        0.522452
    ],
    "14": [
        888.819,
        102.84,
        0.69921
    ],
    "15": [
        900.866,
        102.84,
        0.982066
    ],
    "16": [
        NaN,
        NaN,
        NaN
    ],
    "17": [
        921.788,
        105.857,
        0.950231
    ]
}