{
    "0": [
        780.376,
        105.826,
        0.978697
    ],
    "1": [
        801.403,
        136.114,
        0.937728
    ],
    "2": [
        780.416,
        136.069,
        0.911464
    ],
    "3": [
        762.371,
        181.288,
        0.913199
    ],
    "4": [
        735.255,
        214.362,
        0.940147
    ],
    "5": [
        819.522,
        139.074,
        0.935487
    ],
    "6": [
        834.677,
        190.166,
        0.892384
    ],
    "7": [
        846.688,
        232.44,
        0.93929
    ],
    "8": [
        783.354,
        235.308,
        0.867334
    ],
    "9": [
        795.473,
        298.698,
        0.868121
    ],
    "10": [
        819.541,
        364.812,
        0.870879
    ],
    "11": [
        801.487,
        235.427,
        0.860148
    ],
    "12": [
        765.391,
        298.5,
        0.949013
    ],
    "13": [
        759.23,
        370.829,
        0.954742
    ],
    "14": [
        777.422,
        99.8677,
        0.57526
    ],
    "15": [
        783.528,
        99.844,
        0.958866
    ],
    "16": [
        NaN,
        NaN,
        NaN
    ],
    "17": [
        804.521,
        102.805,
        0.955637
    ]
}