{
    "0": [
        837.581,
        105.842,
        0.937422
    ],
    "1": [
        858.685,
        139.076,
        0.934415
    ],
    "2": [
        846.566,
        139.007,
        0.893454
    ],
    "3": [
        834.672,
        187.162,
        0.565635
    ],
    "4": [
        828.476,
        223.232,
        0.483064
    ],
    "5": [
        876.632,
        142.031,
        0.953664
    ],
    "6": [
        867.729,
        199.319,
        0.852372
    ],
    "7": [
        843.543,
        223.354,
        0.858502
    ],
    "8": [
        837.646,
        235.455,
        0.845221
    ],
    "9": [
        825.535,
        301.585,
        0.891027
    ],
    "10": [
        822.537,
        367.82,
        0.94627
    ],
    "11": [
        861.69,
        238.429,
        0.86206
    ],
    "12": [
        861.73,
        301.648,
        0.913197
    ],
    "13": [
        903.787,
        346.77,
        0.819562
    ],
    "14": [
        834.669,
        102.813,
        0.369824
    ],
    "15": [
        843.707,
        99.8321,
        0.919843
    ],
    "16": [
        NaN,
        NaN,
        NaN
    ],
    "17": [
        861.684,
        102.916,
        0.940902
    ]
}