{
    "0": [
        491.433,
        93.8781,
        0.96295
    ],
    "1": [
        515.382,
        130.011,
        0.896647
    ],
    "2": [
        503.432,
        129.952,
        0.860772
    ],
    "3": [
        491.245,
        184.255,
        0.800471
    ],
    "4": [
        458.203,
        223.25,
        0.953403
    ],
    "5": [
        524.464,
        130.066,
        0.915616
    ],
    "6": [
        539.516,
        187.217,
        0.86576
    ],
    "7": [
        548.562,
        235.354,
        0.958941
    ],
    "8": [
        500.329,
        235.381,
        0.80782
    ],
    "9": [
        509.378,
        310.668,
        0.869624
    ],
    "10": [
        569.557,
        358.855,
        0.946933
    ],
    "11": [
        512.43,
        238.329,
        0.826208
    ],
    "12": [
        488.402,
        313.567,
        0.845501
    ],
    "13": [
        482.204,
        389.027,
        0.852911
    ],
    "14": [
        491.328,
        87.8547,
        0.663322
    ],
    "15": [
        497.418,
        87.8334,
        0.968161
    ],
    "16": [
        NaN,
        NaN,
        NaN
    ],
    "17": [
        518.364,
        90.7669,
        0.927987
    ]
}