{
    "0": [
        90.8263,
        66.7698,
        0.926722
    ],
    "1": [
        133.081,
        102.852,
        0.797053
    ],
    "2": [
        126.964,
        99.8322,
        0.713202
    ],
    "3": [
        102.939,
        160.098,
        0.386197
    ],
    "4": [
        42.6313,
        187.129,
        0.300342
    ],
    "5": [
        141.942,
        102.897,
        0.936814
    ],
    "6": [
        105.937,
        163.105,
        0.841413
    ],
    "7": [
        45.6807,
        193.256,
        0.882119
    ],
    "8": [
        139.028,
        241.375,
        0.709414
    ],
    "9": [
        157.194,
        325.694,
        0.905999
    ],
    "10": [
        196.181,
        410.048,
        0.896765
    ],
    "11": [
        129.96,
        241.391,
        0.792917
    ],
    "12": [
        84.7018,
        325.61,
        0.967003
    ],
    "13": [
        42.6223,
        413.04,
        0.915358
    ],
    "14": [
        84.7524,
        57.705,
        0.348425
    ],
    "15": [
        99.8784,
        57.8167,
        0.969867
    ],
    "16": [
        6.37438,
        57.602,
        0.129549
    ],
    "17": [
        127.014,
        57.7984,
        0.939727
    ]
}