{
    "0": [
        708.14,
        96.9362,
        0.95912
    ],
    "1": [
        729.217,
        133.062,
        0.942123
    ],
    "2": [
        711.104,
        132.93,
        0.916619
    ],
    "3": [
        702.074,
        181.27,
        0.784716
    ],
    "4": [
        684.006,
        220.405,
        0.85498
    ],
    "5": [
        747.219,
        135.915,
        0.913062
    ],
    "6": [
        744.319,
        190.278,
        0.867289
    ],
    "7": [
        741.312,
        235.394,
        0.895763
    ],
    "8": [
        705.135,
        229.459,
        0.890273
    ],
    "9": [
        699.16,
        301.545,
        0.852878
    ],
    "10": [
        732.2,
        352.855,
        0.751053
    ],
    "11": [
        726.216,
        235.346,
        0.869796
    ],
    "12": [
        714.144,
        301.641,
        0.954888
    ],
    "13": [
        720.155,
        370.972,
        0.860858
    ],
    "14": [
        708.097,
        90.8941,
        0.498176
    ],
    "15": [
        714.049,
        90.7823,
        0.974083
    ],
    "16": [
        NaN,
        NaN,
        NaN
    ],
    "17": [
        732.323,
        93.8102,
        0.918818
    ]
}