{
    "0": [
        301.685,
        81.7949,
        0.959404
    ],
    "1": [
        328.822,
        117.888,
        0.868163
    ],
    "2": [
        319.693,
        117.87,
        0.883609
    ],
    "3": [
        307.56,
        178.122,
        0.867582
    ],
    "4": [
        274.527,
        220.203,
        0.986696
    ],
    "5": [
        343.747,
        117.97,
        0.946164
    ],
    "6": [
        355.897,
        184.133,
        0.87902
    ],
    "7": [
        352.915,
        241.406,
        0.874589
    ],
    "8": [
        322.771,
        229.362,
        0.802951
    ],
    "9": [
        325.68,
        307.65,
        0.912445
    ],
    "10": [
        346.766,
        379.857,
        0.790156
    ],
    "11": [
        331.711,
        232.277,
        0.848401
    ],
    "12": [
        295.662,
        304.681,
        0.927866
    ],
    "13": [
        334.817,
        377.026,
        0.842012
    ],
    "14": [
        298.716,
        75.6991,
        0.566473
    ],
    "15": [
        307.744,
        75.7151,
        0.914759
    ],
    "16": [
        NaN,
        NaN,
        NaN
    ],
    "17": [
        328.785,
        75.7916,
        0.941176
    ]
}