{
    "0": [
        955.117,
        105.926,
        1.04287
    ],
    "1": [
        955.16,
        138.979,
        0.908744
    ],
    "2": [
        930.962,
        136.077,
        0.918396
    ],
    "3": [
        918.847,
        181.083,
        0.940982
    ],
    "4": [
        900.774,
        220.239,
        1.00824
    ],
    "5": [
        955.214,
        139.081,
        0.456843
    ],
    "6": [
        955.17,
        187.132,
        0.285509
    ],
    "7": [
        955.191,
        217.315,
        0.264855
    ],
    "8": [
        931.005,
        226.375,
        0.915066
    ],
    "9": [
        928.074,
        289.588,
        0.850544
    ],
    "10": [
        955.09,
        334.759,
        0.570129
    ],
    "11": [
        955.163,
        229.336,
        0.737796
    ],
    "12": [
        955.111,
        286.558,
        0.604301
    ],
    "13": [
        955.158,
        334.696,
        0.474523
    ],
    "14": [
        955.078,
        99.886,
        0.880756
    ],
    "15": [
        955.154,
        99.8584,
        1.02021
    ],
    "16": [
        955.091,
        106.017,
        0.319385
    ],
    "17": [
        955.212,
        99.9496,
        0.673371
    ]
}