{
    "0": [
        879.808,
        108.891,
        0.986937
    ],
    "1": [
        900.78,
        141.977,
        0.903251
    ],
    "2": [
        885.727,
        141.949,
        0.863807
    ],
    "3": [
        876.798,
        178.233,
        0.545818
    ],
    "4": [
        861.658,
        217.258,
        0.411286
    ],
    "5": [
        915.857,
        142.045,
        0.894327
    ],
    "6": [
        903.889,
        187.25,
        0.831852
    ],
    "7": [
        873.714,
        217.225,
        0.891187
    ],
    "8": [
        876.864,
        235.308,
        0.846453
    ],
    "9": [
        852.764,
        292.517,
        0.945807
    ],
    "10": [
        828.566,
        358.85,
        0.952376
    ],
    "11": [
        903.891,
        241.317,
        0.868274
    ],
    "12": [
        918.961,
        304.592,
        0.793486
    ],
    "13": [
        928.056,
        346.821,
        0.53972
    ],
    "14": [
        879.667,
        105.971,
        0.491879
    ],
    "15": [
        885.788,
        105.767,
        0.965295
    ],
    "16": [
        NaN,
        NaN,
        NaN
    ],
    "17": [
        903.852,
        105.9,
        0.958663
    ]
}