{
    "0": [
        271.59,
        81.8536,
        0.956619
    ],
    "1": [
        301.618,
        118.012,
        0.8736
    ],
    "2": [
        289.572,
        118.021,
        0.858971
    ],
    "3": [
        271.563,
        175.161,
        0.886693
    ],
    "4": [
        226.376,
        208.213,
        0.95669
    ],
    "5": [
        313.695,
        120.889,
        0.927194
    ],
    "6": [
        334.666,
        187.149,
        0.784863
    ],
    "7": [
        337.789,
        229.292,
        0.416135
    ],
    "8": [
        298.679,
        238.329,
        0.759064
    ],
    "9": [
        322.577,
        319.717,
        0.884898
    ],
    "10": [
        346.684,
        394.84,
        0.875084
    ],
    "11": [
        301.613,
        238.38,
        0.861543
    ],
    "12": [
        262.566,
        316.6,
        0.90645
    ],
    "13": [
        241.436,
        406.981,
        0.915569
    ],
    "14": [
        271.584,
        75.849,
        0.372552
    ],
    "15": [
        277.57,
        75.7935,
        0.953291
    ],
    "16": [
        NaN,
        NaN,
        NaN
    ],
    "17": [
        301.511,
        78.6929,
        0.970336
    ]
}