{
    "0": [
        666.052,
        96.9279,
        0.935564
    ],
    "1": [
        687.101,
        132.947,
        0.967802
    ],
    "2": [
        672.048,
        129.997,
        0.897413
    ],
    "3": [
        662.992,
        178.111,
        0.589715
    ],
    "4": [
        650.85,
        220.291,
        0.53466
    ],
    "5": [
        705.168,
        133.064,
        0.944043
    ],
    "6": [
        690.134,
        190.175,
        0.872481
    ],
    "7": [
        659.948,
        220.329,
        0.823978
    ],
    "8": [
        668.937,
        232.27,
        0.906259
    ],
    "9": [
        641.881,
        298.687,
        0.98046
    ],
    "10": [
        629.772,
        367.929,
        0.97686
    ],
    "11": [
        696.11,
        235.394,
        0.855538
    ],
    "12": [
        701.988,
        307.631,
        0.886445
    ],
    "13": [
        714.133,
        373.916,
        0.948683
    ],
    "14": [
        665.896,
        90.7813,
        0.587518
    ],
    "15": [
        674.993,
        90.7919,
        0.928274
    ],
    "16": [
        NaN,
        NaN,
        NaN
    ],
    "17": [
        693.075,
        93.9109,
        0.873732
    ]
}