{
    "0": [
        253.56,
        84.728,
        0.973116
    ],
    "1": [
        283.544,
        120.993,
        0.898267
    ],
    "2": [
        271.59,
        121.008,
        0.874175
    ],
    "3": [
        250.443,
        181.109,
        0.864166
    ],
    "4": [
        205.198,
        208.335,
        0.94526
    ],
    "5": [
        295.635,
        120.968,
        0.92658
    ],
    "6": [
        328.683,
        184.148,
        0.902866
    ],
    "7": [
        352.731,
        238.385,
        0.926843
    ],
    "8": [
        283.557,
        241.348,
        0.721053
    ],
    "9": [
        310.614,
        319.689,
        0.925055
    ],
    "10": [
        343.657,
        391.975,
        0.910757
    ],
    "11": [
        283.533,
        241.401,
        0.843483
    ],
    "12": [
        250.356,
        319.74,
        0.933435
    ],
    "13": [
        205.363,
        406.94,
        0.915534
    ],
    "14": [
        253.329,
        78.6996,
        0.616394
    ],
    "15": [
        262.481,
        75.8574,
        0.930621
    ],
    "16": [
        6.41464,
        136.028,
        0.101388
    ],
    "17": [
        283.547,
        78.6633,
        0.952278
    ]
}