{
    "0": [
        385.981,
        90.9259,
        0.913337
    ],
    "1": [
        413.055,
        126.91,
        0.819766
    ],
    "2": [
        403.925,
        126.86,
        0.771269
    ],
    "3": [
        397.932,
        181.246,
        0.521941
    ],
    "4": [
        361.773,
        205.281,
        0.569245
    ],
    "5": [
        419.137,
        124.008,
        0.860522
    ],
    "6": [
        406.931,
        181.061,
        0.816399
    ],
    "7": [
        358.885,
        205.162,
        0.81148
    ],
    "8": [
        412.997,
        238.424,
        0.741181
    ],
    "9": [
        440.174,
        316.57,
        0.740676
    ],
    "10": [
        473.369,
        382.869,
        0.826594
    ],
    "11": [
        409.964,
        238.452,
        0.760329
    ],
    "12": [
        370.97,
        310.619,
        0.8324
    ],
    "13": [
        352.857,
        388.987,
        0.863291
    ],
    "14": [
        382.886,
        87.7935,
        0.495726
    ],
    "15": [
        394.914,
        84.9227,
        0.991045
    ],
    "16": [
        NaN,
        NaN,
        NaN
    ],
    "17": [
        415.932,
        87.7967,
        0.939583
    ]
}