{
    "0": [
        696.071,
        93.8931,
        0.913034
    ],
    "1": [
        717.104,
        130.066,
        0.909177
    ],
    "2": [
        708.035,
        129.903,
        0.886185
    ],
    "3": [
        701.98,
        181.233,
        0.353142
    ],
    "4": [
        684.047,
        226.327,
        0.363322
    ],
    "5": [
        729.275,
        133.019,
        0.921433
    ],
    "6": [
        729.151,
        193.143,
        0.876141
    ],
    "7": [
        717.151,
        235.347,
        0.940917
    ],
    "8": [
        696.074,
        226.426,
        0.907003
    ],
    "9": [
        671.998,
        298.492,
        0.905015
    ],
    "10": [
        711.081,
        358.897,
        0.832087
    ],
    "11": [
        717.111,
        232.279,
        0.884681
    ],
    "12": [
        711.12,
        304.561,
        0.901829
    ],
    "13": [
        720.13,
        373.911,
        0.895973
    ],
    "14": [
        693.088,
        87.8555,
        0.420836
    ],
    "15": [
        705.03,
        87.8595,
        0.955046
    ],
    "16": [
        NaN,
        NaN,
        NaN
    ],
    "17": [
        723.13,
        90.9288,
        0.882973
    ]
}