{
    "0": [
        6.36923,
        45.737,
        0.782712
    ],
    "1": [
        6.47501,
        90.8337,
        0.803322
    ],
    "2": [
        6.41844,
        87.7692,
        0.592634
    ],
    "3": [
        6.35963,
        151.035,
        0.116963
    ],
    "4": [
        NaN,
        NaN,
        NaN
    ],
    "5": [
        39.7444,
        96.8686,
        0.919731
    ],
    "6": [
        45.7025,
        175.069,
        0.923909
    ],
    "7": [
        45.6799,
        235.399,
        0.941656
    ],
    "8": [
        6.35917,
        226.292,
        0.405242
    ],
    "9": [
        6.40964,
        337.7,
        0.547517
    ],
    "10": [
        24.5238,
        413.082,
        0.680979
    ],
    "11": [
        6.45611,
        229.384,
        0.75772
    ],
    "12": [
        6.42986,
        331.747,
        0.760831
    ],
    "13": [
        78.8268,
        385.943,
        0.821172
    ],
    "14": [
        6.34653,
        39.6543,
        0.487749
    ],
    "15": [
        6.41005,
        39.5738,
        0.921281
    ],
    "16": [
        NaN,
        NaN,
        NaN
    ],
    "17": [
        30.6451,
        42.6945,
        0.880143
    ]
}