{
    "0": [
        319.594,
        84.7002,
        0.930845
    ],
    "1": [
        346.831,
        117.919,
        0.872975
    ],
    "2": [
        337.711,
        117.941,
        0.892388
    ],
    "3": [
        331.658,
        184.159,
        0.7452
    ],
    "4": [
        301.624,
        226.303,
        0.935702
    ],
    "5": [
        358.767,
        120.856,
        0.943357
    ],
    "6": [
        358.811,
        187.147,
        0.847372
    ],
    "7": [
        352.884,
        244.377,
        0.976728
    ],
    "8": [
        328.715,
        229.381,
        0.864984
    ],
    "9": [
        322.753,
        307.623,
        0.831633
    ],
    "10": [
        346.835,
        379.972,
        0.877326
    ],
    "11": [
        343.744,
        232.4,
        0.823924
    ],
    "12": [
        322.671,
        310.613,
        0.85435
    ],
    "13": [
        376.911,
        361.813,
        0.833025
    ],
    "14": [
        316.731,
        78.8108,
        0.332311
    ],
    "15": [
        322.798,
        78.6701,
        0.938614
    ],
    "16": [
        NaN,
        NaN,
        NaN
    ],
    "17": [
        346.687,
        78.68,
        0.951862
    ]
}