{
    "0": [
        277.646,
        81.7996,
        0.984425
    ],
    "1": [
        307.621,
        118.005,
        0.886688
    ],
    "2": [
        295.551,
        120.869,
        0.869617
    ],
    "3": [
        280.449,
        178.07,
        0.861077
    ],
    "4": [
        238.319,
        208.383,
        0.93924
    ],
    "5": [
        322.634,
        118.008,
        0.932271
    ],
    "6": [
        343.774,
        184.147,
        0.853595
    ],
    "7": [
        346.879,
        235.469,
        0.785378
    ],
    "8": [
        304.667,
        235.396,
        0.778397
    ],
    "9": [
        322.61,
        319.654,
        0.891202
    ],
    "10": [
        346.663,
        392.009,
        0.897312
    ],
    "11": [
        310.691,
        235.384,
        0.839208
    ],
    "12": [
        271.505,
        310.68,
        0.932196
    ],
    "13": [
        265.561,
        401.015,
        0.929883
    ],
    "14": [
        277.454,
        75.7153,
        0.558433
    ],
    "15": [
        286.546,
        75.6847,
        0.927967
    ],
    "16": [
        6.40749,
        133.07,
        0.100791
    ],
    "17": [
        307.579,
        75.7336,
        0.92166
    ]
}