{
    "0": [
        154.164,
        66.7305,
        0.998505
    ],
    "1": [
        190.218,
        102.799,
        0.822838
    ],
    "2": [
        181.207,
        99.8394,
        0.78794
    ],
    "3": [
        178.075,
        175.023,
        0.248889
    ],
    "4": [
        157.088,
        220.317,
        0.156057
    ],
    "5": [
        199.15,
        102.898,
        0.944676
    ],
    "6": [
        190.289,
        178.066,
        0.847829
    ],
    "7": [
        166.187,
        226.36,
        0.876895
    ],
    "8": [
        184.141,
        226.331,
        0.787534
    ],
    "9": [
        154.023,
        310.714,
        0.900831
    ],
    "10": [
        211.246,
        376.924,
        0.724266
    ],
    "11": [
        202.14,
        229.329,
        0.873231
    ],
    "12": [
        184.171,
        316.729,
        0.851716
    ],
    "13": [
        199.161,
        401.083,
        0.903239
    ],
    "14": [
        154.032,
        60.6453,
        0.416501
    ],
    "15": [
        163.061,
        57.7571,
        0.992548
    ],
    "16": [
        0,
        0,
        0
    ],
    "17": [
        187.213,
        57.7858,
        0.951875
    ]
}