{
    "0": [
        229.238,
        81.7397,
        0.997686
    ],
    "1": [
        253.543,
        120.862,
        0.870748
    ],
    "2": [
        244.4,
        118,
        0.829091
    ],
    "3": [
        229.384,
        184.125,
        0.843331
    ],
    "4": [
        181.181,
        214.344,
        0.902353
    ],
    "5": [
        265.531,
        120.933,
        0.931424
    ],
    "6": [
        298.593,
        178.228,
        0.879021
    ],
    "7": [
        322.669,
        235.302,
        0.875637
    ],
    "8": [
        256.509,
        244.342,
        0.725189
    ],
    "9": [
        289.626,
        322.611,
        0.903322
    ],
    "10": [
        340.78,
        391.857,
        0.886276
    ],
    "11": [
        256.421,
        244.342,
        0.854222
    ],
    "12": [
        220.254,
        322.809,
        0.937284
    ],
    "13": [
        202.153,
        409.971,
        0.929764
    ],
    "14": [
        226.357,
        72.8162,
        0.524509
    ],
    "15": [
        232.478,
        72.8341,
        0.939177
    ],
    "16": [
        6.40849,
        133.01,
        0.101467
    ],
    "17": [
        256.43,
        75.8617,
        0.95766
    ]
}