{
    "0": [
        136.124,
        63.7419,
        0.958653
    ],
    "1": [
        178.062,
        99.9199,
        0.836296
    ],
    "2": [
        166.156,
        96.9109,
        0.686622
    ],
    "3": [
        157.059,
        172.099,
        0.327735
    ],
    "4": [
        114.929,
        211.23,
        0.31107
    ],
    "5": [
        181.201,
        102.842,
        0.988463
    ],
    "6": [
        157.023,
        178.242,
        0.861587
    ],
    "7": [
        112.023,
        220.308,
        0.835252
    ],
    "8": [
        181.175,
        229.377,
        0.704183
    ],
    "9": [
        178.18,
        322.715,
        0.955214
    ],
    "10": [
        196.231,
        409.969,
        0.905858
    ],
    "11": [
        178.085,
        232.269,
        0.802105
    ],
    "12": [
        129.94,
        307.713,
        0.870583
    ],
    "13": [
        163.186,
        397.949,
        0.883978
    ],
    "14": [
        135.915,
        57.6558,
        0.336891
    ],
    "15": [
        148.044,
        57.6732,
        0.991291
    ],
    "16": [
        0,
        0,
        0
    ],
    "17": [
        172.215,
        57.6961,
        1.00589
    ]
}