{
    "0": [
        518.515,
        99.874,
        0.979723
    ],
    "1": [
        542.519,
        136.07,
        0.925035
    ],
    "2": [
        524.515,
        136.028,
        0.899925
    ],
    "3": [
        512.476,
        190.222,
        0.766943
    ],
    "4": [
        476.188,
        208.334,
        0.816018
    ],
    "5": [
        560.542,
        138.955,
        0.938551
    ],
    "6": [
        578.643,
        193.151,
        0.904659
    ],
    "7": [
        593.611,
        235.4,
        0.942879
    ],
    "8": [
        524.408,
        241.372,
        0.815051
    ],
    "9": [
        554.624,
        307.708,
        0.832516
    ],
    "10": [
        590.7,
        373.877,
        0.965842
    ],
    "11": [
        539.549,
        244.318,
        0.856939
    ],
    "12": [
        512.341,
        310.672,
        0.850563
    ],
    "13": [
        485.227,
        385.95,
        0.898947
    ],
    "14": [
        518.349,
        90.9248,
        0.659856
    ],
    "15": [
        524.55,
        90.9315,
        0.930704
    ],
    "16": [
        NaN,
        NaN,
        NaN
    ],
    "17": [
        545.527,
        96.7961,
        0.907153
    ]
}