{
    "0": [
        930.898,
        105.911,
        0.979938
    ],
    "1": [
        955.119,
        136.123,
        0.888067
    ],
    "2": [
        927.911,
        138.967,
        0.856981
    ],
    "3": [
        909.881,
        181.136,
        0.8877
    ],
    "4": [
        894.842,
        220.37,
        0.968127
    ],
    "5": [
        955.194,
        139.08,
        0.665197
    ],
    "6": [
        955.158,
        190.211,
        0.420892
    ],
    "7": [
        955.145,
        220.284,
        0.470361
    ],
    "8": [
        921.983,
        229.323,
        0.893607
    ],
    "9": [
        909.92,
        295.53,
        0.910656
    ],
    "10": [
        931.075,
        343.8,
        0.544577
    ],
    "11": [
        955.123,
        235.328,
        0.840863
    ],
    "12": [
        933.96,
        295.495,
        0.770748
    ],
    "13": [
        955.124,
        343.753,
        0.582384
    ],
    "14": [
        927.867,
        99.9181,
        0.791591
    ],
    "15": [
        937.014,
        99.9092,
        0.8889
    ],
    "16": [
        0,
        0,
        0
    ],
    "17": [
        955.164,
        102.816,
        0.943246
    ]
}