{
    "0": [
        111.947,
        69.7347,
        0.946319
    ],
    "1": [
        150.996,
        102.834,
        0.825436
    ],
    "2": [
        138.968,
        99.9219,
        0.73098
    ],
    "3": [
        115.008,
        166.182,
        0.41321
    ],
    "4": [
        60.72,
        196.224,
        0.340468
    ],
    "5": [
        157.087,
        102.838,
        0.990676
    ],
    "6": [
        120.926,
        166.185,
        0.836499
    ],
    "7": [
        66.7457,
        199.15,
        0.871627
    ],
    "8": [
        154.049,
        238.452,
        0.697842
    ],
    "9": [
        163.167,
        325.68,
        0.876273
    ],
    "10": [
        193.275,
        409.962,
        0.883918
    ],
    "11": [
        145.116,
        238.437,
        0.779042
    ],
    "12": [
        102.767,
        316.746,
        0.912994
    ],
    "13": [
        84.7521,
        406.95,
        0.899269
    ],
    "14": [
        108.782,
        60.7812,
        0.386155
    ],
    "15": [
        121.005,
        60.6474,
        0.973083
    ],
    "16": [
        6.3832,
        54.7477,
        0.1224
    ],
    "17": [
        148.118,
        57.7861,
        0.969873
    ]
}