{
    "0": [
        867.746,
        108.842,
        0.951276
    ],
    "1": [
        882.852,
        144.981,
        0.92789
    ],
    "2": [
        867.683,
        142.071,
        0.873967
    ],
    "3": [
        861.779,
        187.193,
        0.539571
    ],
    "4": [
        846.669,
        217.24,
        0.511326
    ],
    "5": [
        900.874,
        145.112,
        0.94569
    ],
    "6": [
        891.836,
        193.264,
        0.875474
    ],
    "7": [
        858.697,
        214.364,
        0.843077
    ],
    "8": [
        861.735,
        238.385,
        0.865169
    ],
    "9": [
        840.677,
        298.66,
        0.953712
    ],
    "10": [
        828.477,
        364.807,
        0.926203
    ],
    "11": [
        891.755,
        244.336,
        0.864488
    ],
    "12": [
        903.838,
        304.659,
        0.862148
    ],
    "13": [
        921.962,
        352.734,
        0.607745
    ],
    "14": [
        864.727,
        102.945,
        0.726945
    ],
    "15": [
        876.674,
        105.761,
        0.972495
    ],
    "16": [
        0,
        0,
        0
    ],
    "17": [
        891.875,
        108.79,
        0.926667
    ]
}