{
    "0": [
        804.516,
        105.814,
        0.954714
    ],
    "1": [
        825.504,
        136.026,
        0.934187
    ],
    "2": [
        804.564,
        135.921,
        0.897088
    ],
    "3": [
        795.364,
        181.1,
        0.889995
    ],
    "4": [
        780.388,
        223.235,
        0.991613
    ],
    "5": [
        843.555,
        138.94,
        0.945212
    ],
    "6": [
        846.587,
        193.117,
        0.855914
    ],
    "7": [
        849.602,
        232.424,
        0.908896
    ],
    "8": [
        804.528,
        229.26,
        0.902392
    ],
    "9": [
        798.446,
        292.55,
        0.784363
    ],
    "10": [
        825.503,
        349.836,
        0.81148
    ],
    "11": [
        825.516,
        229.416,
        0.917891
    ],
    "12": [
        795.481,
        292.568,
        0.913157
    ],
    "13": [
        825.466,
        355.842,
        0.858794
    ],
    "14": [
        804.39,
        99.832,
        0.557848
    ],
    "15": [
        810.425,
        99.838,
        0.950898
    ],
    "16": [
        NaN,
        NaN,
        NaN
    ],
    "17": [
        828.609,
        99.9528,
        0.933642
    ]
}