{
    "0": [
        458.223,
        87.7927,
        0.945113
    ],
    "1": [
        479.264,
        124.007,
        0.886089
    ],
    "2": [
        467.206,
        123.968,
        0.885726
    ],
    "3": [
        467.098,
        184.169,
        0.456007
    ],
    "4": [
        452.178,
        223.397,
        0.389478
    ],
    "5": [
        491.375,
        124.04,
        0.940044
    ],
    "6": [
        494.324,
        190.217,
        0.901029
    ],
    "7": [
        473.355,
        241.371,
        0.939104
    ],
    "8": [
        467.326,
        229.413,
        0.870196
    ],
    "9": [
        446.156,
        298.679,
        0.927626
    ],
    "10": [
        485.331,
        364.832,
        0.69403
    ],
    "11": [
        491.319,
        232.441,
        0.896921
    ],
    "12": [
        485.265,
        310.63,
        0.81254
    ],
    "13": [
        485.195,
        385.883,
        0.83718
    ],
    "14": [
        455.123,
        81.8155,
        0.770019
    ],
    "15": [
        467.184,
        81.847,
        0.976438
    ],
    "16": [
        NaN,
        NaN,
        NaN
    ],
    "17": [
        485.287,
        84.7801,
        0.942122
    ]
}