{
    "0": [
        786.342,
        105.837,
        0.987349
    ],
    "1": [
        807.409,
        138.932,
        0.946482
    ],
    "2": [
        786.433,
        136.101,
        0.925073
    ],
    "3": [
        771.425,
        184.145,
        0.89568
    ],
    "4": [
        747.234,
        217.246,
        0.947257
    ],
    "5": [
        825.547,
        138.986,
        0.957467
    ],
    "6": [
        837.636,
        190.227,
        0.895588
    ],
    "7": [
        849.568,
        232.472,
        0.94015
    ],
    "8": [
        786.459,
        229.438,
        0.863362
    ],
    "9": [
        795.417,
        295.65,
        0.924377
    ],
    "10": [
        819.462,
        364.921,
        0.928315
    ],
    "11": [
        804.578,
        232.403,
        0.910212
    ],
    "12": [
        774.415,
        295.484,
        0.901229
    ],
    "13": [
        780.26,
        367.926,
        0.907991
    ],
    "14": [
        783.342,
        99.8491,
        0.706168
    ],
    "15": [
        792.397,
        99.7942,
        0.927329
    ],
    "16": [
        NaN,
        NaN,
        NaN
    ],
    "17": [
        810.445,
        99.876,
        0.92335
    ]
}