{
    "0": [
        6.50042,
        51.7017,
        0.871435
    ],
    "1": [
        51.7338,
        96.9144,
        0.826447
    ],
    "2": [
        36.6896,
        96.8122,
        0.804587
    ],
    "3": [
        30.6177,
        172.065,
        0.322076
    ],
    "4": [
        6.40639,
        229.372,
        0.243669
    ],
    "5": [
        63.735,
        99.9318,
        0.915285
    ],
    "6": [
        54.679,
        175.067,
        0.840017
    ],
    "7": [
        30.5545,
        232.43,
        0.827336
    ],
    "8": [
        42.6688,
        229.322,
        0.724729
    ],
    "9": [
        30.4804,
        325.676,
        0.770555
    ],
    "10": [
        30.5367,
        418.969,
        0.811426
    ],
    "11": [
        54.7801,
        232.318,
        0.841863
    ],
    "12": [
        39.6941,
        325.8,
        0.889154
    ],
    "13": [
        139.021,
        385.891,
        0.829922
    ],
    "14": [
        6.46233,
        42.6949,
        0.715506
    ],
    "15": [
        33.5385,
        42.5806,
        0.95029
    ],
    "16": [
        0,
        0,
        0
    ],
    "17": [
        57.7287,
        48.7177,
        0.861884
    ]
}