{
    "0": [
        533.511,
        96.9326,
        0.934482
    ],
    "1": [
        554.642,
        135.91,
        0.932521
    ],
    "2": [
        539.455,
        135.916,
        0.905755
    ],
    "3": [
        524.369,
        187.246,
        0.836141
    ],
    "4": [
        485.318,
        211.334,
        0.870251
    ],
    "5": [
        572.552,
        135.955,
        0.923175
    ],
    "6": [
        590.756,
        187.271,
        0.907387
    ],
    "7": [
        605.735,
        235.381,
        0.920884
    ],
    "8": [
        539.53,
        238.368,
        0.848896
    ],
    "9": [
        563.588,
        307.632,
        0.892932
    ],
    "10": [
        590.76,
        374.014,
        0.959459
    ],
    "11": [
        554.62,
        238.419,
        0.822112
    ],
    "12": [
        521.408,
        307.659,
        0.883483
    ],
    "13": [
        488.379,
        379.984,
        0.903238
    ],
    "14": [
        530.499,
        90.8553,
        0.58144
    ],
    "15": [
        539.578,
        90.8269,
        0.97214
    ],
    "16": [
        NaN,
        NaN,
        NaN
    ],
    "17": [
        560.57,
        93.8927,
        0.912475
    ]
}