{
    "0": [
        819.511,
        105.789,
        0.933111
    ],
    "1": [
        837.612,
        138.97,
        0.916129
    ],
    "2": [
        819.546,
        136.082,
        0.892311
    ],
    "3": [
        810.506,
        193.143,
        0.312473
    ],
    "4": [
        807.378,
        226.25,
        0.291753
    ],
    "5": [
        855.724,
        141.973,
        0.958922
    ],
    "6": [
        855.737,
        199.133,
        0.92861
    ],
    "7": [
        843.588,
        232.269,
        0.984021
    ],
    "8": [
        807.548,
        232.326,
        0.902243
    ],
    "9": [
        825.496,
        298.541,
        0.837572
    ],
    "10": [
        870.703,
        343.757,
        0.801401
    ],
    "11": [
        831.635,
        235.307,
        0.916398
    ],
    "12": [
        816.579,
        301.568,
        0.905712
    ],
    "13": [
        822.516,
        370.743,
        0.921706
    ],
    "14": [
        816.476,
        99.8544,
        0.490502
    ],
    "15": [
        825.611,
        96.9402,
        0.954901
    ],
    "16": [
        0,
        0,
        0
    ],
    "17": [
        843.7,
        102.788,
        0.924379
    ]
}