{
    "0": [
        551.52,
        96.8462,
        0.923579
    ],
    "1": [
        572.696,
        132.954,
        0.94154
    ],
    "2": [
        557.597,
        132.903,
        0.907258
    ],
    "3": [
        542.502,
        184.233,
        0.937904
    ],
    "4": [
        509.328,
        217.27,
        0.930354
    ],
    "5": [
        590.645,
        133.017,
        0.929914
    ],
    "6": [
        605.659,
        187.171,
        0.87132
    ],
    "7": [
        611.798,
        232.404,
        0.977658
    ],
    "8": [
        560.632,
        232.404,
        0.816528
    ],
    "9": [
        578.563,
        304.645,
        0.848575
    ],
    "10": [
        593.742,
        373.99,
        0.915861
    ],
    "11": [
        572.613,
        235.374,
        0.825871
    ],
    "12": [
        539.386,
        298.691,
        0.952537
    ],
    "13": [
        539.467,
        379.973,
        0.929048
    ],
    "14": [
        548.602,
        90.7814,
        0.353655
    ],
    "15": [
        560.5,
        87.9371,
        0.93059
    ],
    "16": [
        0,
        0,
        0
    ],
    "17": [
        578.582,
        90.9404,
        0.875085
    ]
}