{
    "0": [
        605.806,
        96.8449,
        0.917941
    ],
    "1": [
        626.819,
        132.893,
        0.853192
    ],
    "2": [
        614.718,
        130.063,
        0.844807
    ],
    "3": [
        608.775,
        190.153,
        0.237072
    ],
    "4": [
        593.735,
        226.224,
        0.271579
    ],
    "5": [
        638.906,
        133.005,
        0.935695
    ],
    "6": [
        632.925,
        193.181,
        0.822944
    ],
    "7": [
        614.762,
        226.245,
        0.928765
    ],
    "8": [
        611.685,
        235.338,
        0.795645
    ],
    "9": [
        602.72,
        307.59,
        0.816485
    ],
    "10": [
        599.701,
        370.982,
        0.918904
    ],
    "11": [
        629.751,
        238.343,
        0.85668
    ],
    "12": [
        626.751,
        310.662,
        0.828454
    ],
    "13": [
        684.13,
        355.879,
        0.916337
    ],
    "14": [
        605.687,
        90.8579,
        0.432052
    ],
    "15": [
        611.822,
        87.9221,
        0.980894
    ],
    "16": [
        0,
        0,
        0
    ],
    "17": [
        632.777,
        93.83,
        0.911589
    ]
}