{
    "0": [
        361.862,
        87.8496,
        0.938336
    ],
    "1": [
        391.939,
        123.902,
        0.841639
    ],
    "2": [
        388.929,
        123.891,
        0.727672
    ],
    "3": [
        376.938,
        178.105,
        0.459498
    ],
    "4": [
        346.851,
        205.31,
        0.428571
    ],
    "5": [
        391.893,
        121.012,
        0.864401
    ],
    "6": [
        379.921,
        178.09,
        0.863602
    ],
    "7": [
        343.825,
        208.241,
        0.861794
    ],
    "8": [
        397.949,
        238.352,
        0.817542
    ],
    "9": [
        404.08,
        313.589,
        0.864622
    ],
    "10": [
        461.252,
        373.886,
        0.938671
    ],
    "11": [
        376.997,
        238.427,
        0.830829
    ],
    "12": [
        349.877,
        310.628,
        0.918682
    ],
    "13": [
        346.88,
        391.89,
        0.977196
    ],
    "14": [
        355.932,
        81.9118,
        0.555933
    ],
    "15": [
        370.81,
        81.8681,
        0.989315
    ],
    "16": [
        0,
        0,
        0
    ],
    "17": [
        391.824,
        84.7184,
        0.937906
    ]
}