{
    "0": [
        60.8446,
        63.7312,
        1.00523
    ],
    "1": [
        93.784,
        102.906,
        0.866475
    ],
    "2": [
        69.8067,
        99.8982,
        0.809506
    ],
    "3": [
        54.7273,
        160.14,
        0.435984
    ],
    "4": [
        6.49678,
        166.123,
        0.291907
    ],
    "5": [
        114.853,
        105.842,
        0.95002
    ],
    "6": [
        84.7394,
        166.134,
        0.790597
    ],
    "7": [
        30.5394,
        196.216,
        0.825378
    ],
    "8": [
        81.7848,
        238.416,
        0.807111
    ],
    "9": [
        54.647,
        331.678,
        0.944545
    ],
    "10": [
        30.6687,
        421.972,
        0.916746
    ],
    "11": [
        108.894,
        241.36,
        0.829331
    ],
    "12": [
        133.115,
        328.681,
        0.873164
    ],
    "13": [
        190.264,
        406.96,
        0.854085
    ],
    "14": [
        60.7138,
        57.5928,
        0.711106
    ],
    "15": [
        75.7092,
        57.6483,
        0.96868
    ],
    "16": [
        NaN,
        NaN,
        NaN
    ],
    "17": [
        102.876,
        60.6488,
        0.990254
    ]
}