{
    "0": [
        828.492,
        102.944,
        0.946887
    ],
    "1": [
        846.632,
        136.114,
        0.892696
    ],
    "2": [
        828.647,
        136.01,
        0.868837
    ],
    "3": [
        825.538,
        184.182,
        0.354817
    ],
    "4": [
        810.49,
        226.264,
        0.290765
    ],
    "5": [
        861.731,
        139.104,
        0.934003
    ],
    "6": [
        858.788,
        199.231,
        0.915148
    ],
    "7": [
        843.698,
        229.426,
        0.989917
    ],
    "8": [
        819.564,
        232.429,
        0.764885
    ],
    "9": [
        834.529,
        301.654,
        0.791075
    ],
    "10": [
        882.787,
        340.838,
        0.704483
    ],
    "11": [
        837.609,
        238.344,
        0.846829
    ],
    "12": [
        822.463,
        304.547,
        0.888144
    ],
    "13": [
        822.591,
        370.77,
        0.897827
    ],
    "14": [
        825.596,
        99.8675,
        0.437482
    ],
    "15": [
        831.614,
        96.9013,
        0.961782
    ],
    "16": [
        0,
        0,
        0
    ],
    "17": [
        852.54,
        102.804,
        0.94058
    ]
}