{
    "0": [
        172.075,
        69.7364,
        0.983559
    ],
    "1": [
        205.341,
        105.972,
        0.858073
    ],
    "2": [
        196.254,
        105.845,
        0.827609
    ],
    "3": [
        196.245,
        178.1,
        0.257426
    ],
    "4": [
        175.172,
        226.238,
        0.23983
    ],
    "5": [
        217.303,
        108.857,
        0.951101
    ],
    "6": [
        223.337,
        181.173,
        0.827614
    ],
    "7": [
        205.33,
        241.321,
        0.89305
    ],
    "8": [
        187.169,
        229.434,
        0.775144
    ],
    "9": [
        196.128,
        319.7,
        0.840558
    ],
    "10": [
        262.437,
        367.9,
        0.769636
    ],
    "11": [
        202.329,
        232.349,
        0.866958
    ],
    "12": [
        187.159,
        322.811,
        0.926508
    ],
    "13": [
        199.169,
        413.065,
        0.91427
    ],
    "14": [
        172.12,
        60.7544,
        0.3305
    ],
    "15": [
        181.071,
        60.7617,
        1.03227
    ],
    "16": [
        NaN,
        NaN,
        NaN
    ],
    "17": [
        205.18,
        63.7092,
        0.98222
    ]
}