{
    "0": [
        476.328,
        90.8146,
        0.934854
    ],
    "1": [
        497.425,
        127,
        0.913998
    ],
    "2": [
        485.374,
        126.892,
        0.92786
    ],
    "3": [
        473.268,
        181.191,
        0.666449
    ],
    "4": [
        452.212,
        217.285,
        0.85956
    ],
    "5": [
        512.429,
        127.014,
        0.947904
    ],
    "6": [
        518.512,
        193.133,
        0.920137
    ],
    "7": [
        518.519,
        244.402,
        0.91271
    ],
    "8": [
        476.249,
        235.333,
        0.831615
    ],
    "9": [
        485.26,
        310.6,
        0.805468
    ],
    "10": [
        542.612,
        349.725,
        0.81458
    ],
    "11": [
        494.396,
        238.377,
        0.898741
    ],
    "12": [
        485.217,
        313.648,
        0.898073
    ],
    "13": [
        482.301,
        391.928,
        0.917218
    ],
    "14": [
        473.33,
        84.8223,
        0.553301
    ],
    "15": [
        485.352,
        84.7989,
        0.963641
    ],
    "16": [
        NaN,
        NaN,
        NaN
    ],
    "17": [
        503.389,
        87.7277,
        0.930736
    ]
}