{
    "0": [
        42.6398,
        60.7027,
        1.0234
    ],
    "1": [
        81.7559,
        99.8797,
        0.840975
    ],
    "2": [
        63.7969,
        96.9341,
        0.74786
    ],
    "3": [
        45.7014,
        157.145,
        0.358336
    ],
    "4": [
        27.4807,
        132.986,
        0.345298
    ],
    "5": [
        87.8888,
        102.787,
        0.884705
    ],
    "6": [
        72.7529,
        169.144,
        0.803384
    ],
    "7": [
        30.5229,
        205.232,
        0.923712
    ],
    "8": [
        69.7726,
        238.379,
        0.672074
    ],
    "9": [
        108.937,
        328.635,
        0.743098
    ],
    "10": [
        178.219,
        397.961,
        0.814978
    ],
    "11": [
        75.7141,
        238.428,
        0.744043
    ],
    "12": [
        36.5856,
        328.691,
        0.809951
    ],
    "13": [
        30.6162,
        416.121,
        0.823948
    ],
    "14": [
        39.6702,
        54.6224,
        0.672405
    ],
    "15": [
        54.722,
        54.6049,
        0.977019
    ],
    "16": [
        NaN,
        NaN,
        NaN
    ],
    "17": [
        81.9036,
        57.6027,
        0.919874
    ]
}