{
    "0": [
        434.041,
        87.8028,
        0.94451
    ],
    "1": [
        455.206,
        126.963,
        0.862805
    ],
    "2": [
        443.185,
        126.955,
        0.838461
    ],
    "3": [
        440.071,
        181.251,
        0.517865
    ],
    "4": [
        416.045,
        211.339,
        0.403193
    ],
    "5": [
        467.289,
        126.876,
        0.910975
    ],
    "6": [
        449.275,
        181.286,
        0.809512
    ],
    "7": [
        415.999,
        214.328,
        0.816713
    ],
    "8": [
        443.109,
        232.447,
        0.879929
    ],
    "9": [
        413.037,
        301.692,
        0.938945
    ],
    "10": [
        419.08,
        376.981,
        0.973889
    ],
    "11": [
        467.161,
        235.425,
        0.878406
    ],
    "12": [
        467.219,
        313.642,
        0.883236
    ],
    "13": [
        476.338,
        386.013,
        0.913422
    ],
    "14": [
        428.125,
        81.8728,
        0.716438
    ],
    "15": [
        443.015,
        81.8255,
        0.965934
    ],
    "16": [
        0,
        0,
        0
    ],
    "17": [
        461.155,
        84.7612,
        0.904557
    ]
}