{
    "0": [
        446.104,
        84.9302,
        0.988869
    ],
    "1": [
        470.252,
        123.935,
        0.858254
    ],
    "2": [
        464.145,
        121.008,
        0.80051
    ],
    "3": [
        455.155,
        181.179,
        0.201421
    ],
    "4": [
        437.082,
        223.278,
        0.177684
    ],
    "5": [
        479.219,
        126.906,
        0.929585
    ],
    "6": [
        476.27,
        187.182,
        0.869745
    ],
    "7": [
        449.189,
        226.345,
        0.935609
    ],
    "8": [
        461.213,
        229.381,
        0.798535
    ],
    "9": [
        425.199,
        301.592,
        0.89806
    ],
    "10": [
        461.251,
        370.814,
        0.906891
    ],
    "11": [
        476.311,
        232.298,
        0.887702
    ],
    "12": [
        473.171,
        310.657,
        0.876432
    ],
    "13": [
        482.193,
        385.952,
        0.942166
    ],
    "14": [
        443.158,
        81.8251,
        0.593911
    ],
    "15": [
        452.105,
        81.7376,
        0.969296
    ],
    "16": [
        0,
        0,
        0
    ],
    "17": [
        470.28,
        81.8358,
        0.946477
    ]
}