{
    "0": [
        560.474,
        96.7683,
        0.916529
    ],
    "1": [
        581.575,
        130.078,
        0.937296
    ],
    "2": [
        566.508,
        130.023,
        0.929253
    ],
    "3": [
        551.543,
        184.134,
        0.866957
    ],
    "4": [
        518.499,
        220.242,
        0.965394
    ],
    "5": [
        593.731,
        130.079,
        0.945731
    ],
    "6": [
        611.676,
        187.185,
        0.899493
    ],
    "7": [
        614.692,
        232.391,
        0.996527
    ],
    "8": [
        566.619,
        232.395,
        0.849336
    ],
    "9": [
        581.562,
        304.629,
        0.871795
    ],
    "10": [
        590.794,
        373.818,
        0.936602
    ],
    "11": [
        578.694,
        235.332,
        0.833879
    ],
    "12": [
        545.464,
        298.712,
        0.959851
    ],
    "13": [
        557.548,
        376.817,
        0.874625
    ],
    "14": [
        557.532,
        90.7504,
        0.519909
    ],
    "15": [
        566.479,
        87.8639,
        0.966081
    ],
    "16": [
        0,
        0,
        0
    ],
    "17": [
        584.703,
        90.8205,
        0.923467
    ]
}