{
    "0": [
        217.348,
        81.7268,
        0.930714
    ],
    "1": [
        247.41,
        120.874,
        0.881495
    ],
    "2": [
        232.397,
        120.884,
        0.87992
    ],
    "3": [
        220.262,
        184.227,
        0.833187
    ],
    "4": [
        178.081,
        220.317,
        0.933162
    ],
    "5": [
        259.474,
        120.961,
        0.917178
    ],
    "6": [
        286.488,
        187.116,
        0.87197
    ],
    "7": [
        301.722,
        241.378,
        0.837302
    ],
    "8": [
        244.438,
        238.399,
        0.751969
    ],
    "9": [
        274.412,
        319.74,
        0.931965
    ],
    "10": [
        334.76,
        385.861,
        0.880753
    ],
    "11": [
        250.443,
        241.344,
        0.835456
    ],
    "12": [
        211.204,
        322.705,
        0.954254
    ],
    "13": [
        202.128,
        412.987,
        0.946826
    ],
    "14": [
        217.235,
        72.7835,
        0.344814
    ],
    "15": [
        226.302,
        72.7808,
        0.915128
    ],
    "16": [
        6.41545,
        133.025,
        0.050158
    ],
    "17": [
        250.298,
        75.851,
        0.946206
    ]
}