{
    "0": [
        346.887,
        84.9377,
        0.995722
    ],
    "1": [
        374.001,
        120.973,
        0.854392
    ],
    "2": [
        367.935,
        120.921,
        0.818486
    ],
    "3": [
        370.81,
        181.063,
        0.300032
    ],
    "4": [
        334.752,
        220.209,
        0.212284
    ],
    "5": [
        382.986,
        123.856,
        0.886758
    ],
    "6": [
        376.943,
        181.249,
        0.976771
    ],
    "7": [
        343.779,
        223.394,
        0.873764
    ],
    "8": [
        364.858,
        232.38,
        0.759787
    ],
    "9": [
        346.89,
        313.61,
        0.889618
    ],
    "10": [
        346.839,
        391.99,
        0.936157
    ],
    "11": [
        376.873,
        235.341,
        0.861837
    ],
    "12": [
        373.801,
        313.734,
        0.893405
    ],
    "13": [
        443.101,
        367.888,
        0.950396
    ],
    "14": [
        346.739,
        81.9239,
        0.347812
    ],
    "15": [
        352.82,
        81.6964,
        0.989169
    ],
    "16": [
        NaN,
        NaN,
        NaN
    ],
    "17": [
        373.838,
        81.6987,
        0.953778
    ]
}