{
    "0": [
        617.814,
        99.7723,
        0.950975
    ],
    "1": [
        638.9,
        133.067,
        0.92128
    ],
    "2": [
        629.793,
        132.937,
        0.850672
    ],
    "3": [
        623.749,
        184.295,
        0.335984
    ],
    "4": [
        605.68,
        217.306,
        0.268506
    ],
    "5": [
        653.885,
        135.951,
        0.919171
    ],
    "6": [
        641.8,
        190.141,
        0.861289
    ],
    "7": [
        614.718,
        220.368,
        0.900922
    ],
    "8": [
        617.874,
        235.414,
        0.8178
    ],
    "9": [
        608.779,
        304.677,
        0.880021
    ],
    "10": [
        602.68,
        370.789,
        0.922144
    ],
    "11": [
        641.925,
        238.386,
        0.842173
    ],
    "12": [
        653.833,
        307.569,
        0.917521
    ],
    "13": [
        702.029,
        364.869,
        0.956449
    ],
    "14": [
        614.922,
        90.9345,
        0.452374
    ],
    "15": [
        626.735,
        90.8362,
        0.934937
    ],
    "16": [
        NaN,
        NaN,
        NaN
    ],
    "17": [
        641.994,
        96.9123,
        0.881971
    ]
}