{
    "0": [
        129.986,
        63.8047,
        0.982639
    ],
    "1": [
        163.038,
        102.794,
        0.876767
    ],
    "2": [
        150.979,
        99.8711,
        0.828418
    ],
    "3": [
        132.981,
        172.15,
        0.620968
    ],
    "4": [
        96.8046,
        208.257,
        0.550702
    ],
    "5": [
        175.174,
        102.872,
        0.974316
    ],
    "6": [
        138.954,
        178.062,
        0.783705
    ],
    "7": [
        90.9087,
        208.34,
        0.799233
    ],
    "8": [
        151.038,
        232.408,
        0.787384
    ],
    "9": [
        117.874,
        310.638,
        0.933503
    ],
    "10": [
        138.937,
        397.947,
        0.941936
    ],
    "11": [
        178.062,
        235.384,
        0.844038
    ],
    "12": [
        178.09,
        325.69,
        0.894251
    ],
    "13": [
        196.213,
        407.076,
        0.878714
    ],
    "14": [
        129.86,
        57.7876,
        0.344126
    ],
    "15": [
        136.086,
        57.6618,
        0.976724
    ],
    "16": [
        6.35295,
        48.6268,
        0.0526887
    ],
    "17": [
        163.073,
        57.645,
        0.97269
    ]
}