{
    "0": [
        376.997,
        90.8509,
        0.948058
    ],
    "1": [
        401.051,
        127.063,
        0.899056
    ],
    "2": [
        391.905,
        126.973,
        0.832542
    ],
    "3": [
        385.881,
        181.111,
        0.636324
    ],
    "4": [
        355.751,
        205.342,
        0.596086
    ],
    "5": [
        416.077,
        126.955,
        0.921782
    ],
    "6": [
        397.938,
        181.105,
        0.79438
    ],
    "7": [
        349.813,
        205.197,
        0.856998
    ],
    "8": [
        391.875,
        235.467,
        0.850595
    ],
    "9": [
        367.801,
        310.654,
        0.943033
    ],
    "10": [
        352.78,
        388.945,
        0.954811
    ],
    "11": [
        418.935,
        238.423,
        0.875477
    ],
    "12": [
        431.102,
        316.641,
        0.886491
    ],
    "13": [
        473.287,
        382.849,
        0.926191
    ],
    "14": [
        373.941,
        84.8753,
        0.627893
    ],
    "15": [
        385.947,
        84.7653,
        0.95943
    ],
    "16": [
        NaN,
        NaN,
        NaN
    ],
    "17": [
        404.058,
        84.8331,
        0.904162
    ]
}