{
    "0": [
        768.334,
        105.859,
        0.975407
    ],
    "1": [
        789.345,
        138.987,
        0.94525
    ],
    "2": [
        768.359,
        138.95,
        0.914849
    ],
    "3": [
        756.247,
        181.237,
        0.844657
    ],
    "4": [
        729.145,
        205.364,
        0.875118
    ],
    "5": [
        807.467,
        139.094,
        0.956923
    ],
    "6": [
        831.521,
        190.195,
        0.929547
    ],
    "7": [
        837.609,
        235.425,
        0.96433
    ],
    "8": [
        771.366,
        235.436,
        0.821628
    ],
    "9": [
        792.399,
        304.603,
        0.844513
    ],
    "10": [
        819.546,
        367.91,
        0.902759
    ],
    "11": [
        786.454,
        238.441,
        0.867439
    ],
    "12": [
        759.233,
        304.6,
        0.907495
    ],
    "13": [
        729.293,
        370.95,
        0.939586
    ],
    "14": [
        765.316,
        99.847,
        0.74363
    ],
    "15": [
        777.35,
        99.8733,
        0.946254
    ],
    "16": [
        0,
        0,
        0
    ],
    "17": [
        795.361,
        102.859,
        0.887123
    ]
}