{
    "0": [
        401.032,
        90.7822,
        0.968569
    ],
    "1": [
        428.034,
        127.054,
        0.862986
    ],
    "2": [
        416.074,
        127.042,
        0.832246
    ],
    "3": [
        406.983,
        184.117,
        0.632914
    ],
    "4": [
        376.869,
        205.258,
        0.577379
    ],
    "5": [
        440.147,
        126.948,
        0.917857
    ],
    "6": [
        416.09,
        184.253,
        0.786765
    ],
    "7": [
        370.793,
        202.321,
        0.845152
    ],
    "8": [
        415.988,
        238.347,
        0.849444
    ],
    "9": [
        388.989,
        313.627,
        0.947337
    ],
    "10": [
        355.844,
        385.957,
        0.931489
    ],
    "11": [
        440.119,
        241.33,
        0.859895
    ],
    "12": [
        452.105,
        313.723,
        0.888568
    ],
    "13": [
        476.351,
        385.914,
        0.901462
    ],
    "14": [
        398.054,
        84.8528,
        0.553414
    ],
    "15": [
        410.015,
        84.717,
        0.97214
    ],
    "16": [
        0,
        0,
        0
    ],
    "17": [
        428.155,
        84.8653,
        0.913888
    ]
}