{
    "0": [
        325.685,
        84.7749,
        0.991407
    ],
    "1": [
        352.852,
        118.001,
        0.831297
    ],
    "2": [
        346.726,
        117.94,
        0.835169
    ],
    "3": [
        343.732,
        178.211,
        0.200006
    ],
    "4": [
        325.872,
        229.273,
        0.186427
    ],
    "5": [
        361.922,
        120.969,
        0.882811
    ],
    "6": [
        361.773,
        187.162,
        0.889703
    ],
    "7": [
        349.739,
        238.439,
        0.946965
    ],
    "8": [
        343.849,
        229.405,
        0.778412
    ],
    "9": [
        331.686,
        307.719,
        0.851552
    ],
    "10": [
        346.811,
        391.94,
        0.917272
    ],
    "11": [
        352.85,
        232.414,
        0.827601
    ],
    "12": [
        331.766,
        310.68,
        0.831525
    ],
    "13": [
        397.879,
        358.772,
        0.871613
    ],
    "14": [
        322.73,
        78.8463,
        0.489412
    ],
    "15": [
        331.695,
        78.7451,
        0.967827
    ],
    "16": [
        0,
        0,
        0
    ],
    "17": [
        352.75,
        78.7422,
        0.950227
    ]
}