{
    "0": [
        744.177,
        105.84,
        0.97498
    ],
    "1": [
        762.42,
        139.023,
        0.939442
    ],
    "2": [
        747.196,
        139.047,
        0.899102
    ],
    "3": [
        732.216,
        187.115,
        0.748997
    ],
    "4": [
        708.122,
        205.354,
        0.758363
    ],
    "5": [
        780.503,
        139.049,
        0.965805
    ],
    "6": [
        801.512,
        190.166,
        0.919279
    ],
    "7": [
        810.555,
        235.288,
        0.972606
    ],
    "8": [
        744.294,
        235.402,
        0.791615
    ],
    "9": [
        765.288,
        304.598,
        0.881932
    ],
    "10": [
        810.507,
        361.853,
        0.946688
    ],
    "11": [
        759.386,
        238.387,
        0.847494
    ],
    "12": [
        732.303,
        304.584,
        0.892768
    ],
    "13": [
        720.172,
        376.892,
        0.888304
    ],
    "14": [
        738.348,
        99.8207,
        0.700772
    ],
    "15": [
        753.196,
        99.8501,
        0.952463
    ],
    "16": [
        0,
        0,
        0
    ],
    "17": [
        768.379,
        102.813,
        0.890379
    ]
}