{
    "0": [
        647.94,
        105.767,
        0.929112
    ],
    "1": [
        668.919,
        135.959,
        0.884665
    ],
    "2": [
        656.962,
        133.011,
        0.854305
    ],
    "3": [
        650.972,
        181.255,
        0.534836
    ],
    "4": [
        632.812,
        211.258,
        0.545985
    ],
    "5": [
        683.934,
        136.05,
        0.929302
    ],
    "6": [
        671.928,
        184.296,
        0.840355
    ],
    "7": [
        638.787,
        211.367,
        0.802469
    ],
    "8": [
        650.968,
        232.418,
        0.87245
    ],
    "9": [
        626.809,
        301.608,
        0.960369
    ],
    "10": [
        602.799,
        370.791,
        0.946527
    ],
    "11": [
        678.045,
        238.39,
        0.841471
    ],
    "12": [
        687.15,
        307.655,
        0.903963
    ],
    "13": [
        714.09,
        373.88,
        0.940434
    ],
    "14": [
        644.957,
        96.866,
        0.529934
    ],
    "15": [
        656.865,
        99.7631,
        0.931255
    ],
    "16": [
        0,
        0,
        0
    ],
    "17": [
        671.987,
        99.9042,
        0.860479
    ]
}