{
    "0": [
        762.4,
        105.901,
        0.971126
    ],
    "1": [
        783.362,
        139.032,
        0.936716
    ],
    "2": [
        762.327,
        139.024,
        0.920294
    ],
    "3": [
        750.237,
        184.138,
        0.57966
    ],
    "4": [
        732.127,
        202.199,
        0.534047
    ],
    "5": [
        804.394,
        139.079,
        0.936088
    ],
    "6": [
        822.624,
        193.149,
        0.902056
    ],
    "7": [
        831.658,
        232.484,
        0.949263
    ],
    "8": [
        765.296,
        238.299,
        0.808558
    ],
    "9": [
        786.407,
        301.711,
        0.856107
    ],
    "10": [
        816.592,
        364.927,
        0.912632
    ],
    "11": [
        780.424,
        238.448,
        0.859953
    ],
    "12": [
        753.293,
        301.732,
        0.869614
    ],
    "13": [
        723.142,
        370.98,
        0.923961
    ],
    "14": [
        759.372,
        99.8831,
        0.798027
    ],
    "15": [
        771.352,
        99.8848,
        0.940078
    ],
    "16": [
        NaN,
        NaN,
        NaN
    ],
    "17": [
        786.467,
        102.827,
        0.883474
    ]
}