{
    "0": [
        888.727,
        105.943,
        0.948544
    ],
    "1": [
        903.918,
        141.973,
        0.934706
    ],
    "2": [
        885.882,
        139.111,
        0.885557
    ],
    "3": [
        885.73,
        184.159,
        0.559921
    ],
    "4": [
        867.789,
        217.296,
        0.466339
    ],
    "5": [
        921.995,
        142.052,
        0.932287
    ],
    "6": [
        912.87,
        187.221,
        0.815777
    ],
    "7": [
        882.839,
        217.339,
        0.844147
    ],
    "8": [
        882.889,
        232.315,
        0.839443
    ],
    "9": [
        858.786,
        292.493,
        0.94019
    ],
    "10": [
        834.539,
        358.832,
        0.954359
    ],
    "11": [
        909.919,
        235.444,
        0.819948
    ],
    "12": [
        918.94,
        295.647,
        0.831872
    ],
    "13": [
        930.939,
        346.788,
        0.640945
    ],
    "14": [
        882.867,
        102.791,
        0.715465
    ],
    "15": [
        897.715,
        102.827,
        0.957872
    ],
    "16": [
        0,
        0,
        0
    ],
    "17": [
        912.848,
        105.864,
        0.91723
    ]
}