{
    "0": [
        563.699,
        93.8867,
        0.959884
    ],
    "1": [
        587.634,
        132.884,
        0.95276
    ],
    "2": [
        569.662,
        130.048,
        0.91356
    ],
    "3": [
        560.536,
        184.112,
        0.861594
    ],
    "4": [
        527.482,
        223.269,
        0.939589
    ],
    "5": [
        602.763,
        132.888,
        0.934829
    ],
    "6": [
        611.778,
        187.269,
        0.861098
    ],
    "7": [
        614.869,
        232.401,
        0.979215
    ],
    "8": [
        569.658,
        229.296,
        0.857833
    ],
    "9": [
        575.627,
        298.683,
        0.871555
    ],
    "10": [
        590.787,
        370.772,
        0.813437
    ],
    "11": [
        587.61,
        229.412,
        0.913665
    ],
    "12": [
        554.518,
        298.559,
        0.921581
    ],
    "13": [
        581.607,
        370.791,
        0.839583
    ],
    "14": [
        563.623,
        90.7787,
        0.561816
    ],
    "15": [
        569.622,
        87.829,
        0.965202
    ],
    "16": [
        NaN,
        NaN,
        NaN
    ],
    "17": [
        590.585,
        90.7894,
        0.950081
    ]
}