{
    "0": [
        903.914,
        105.968,
        0.980017
    ],
    "1": [
        924.896,
        139.023,
        0.95001
    ],
    "2": [
        903.895,
        138.987,
        0.879988
    ],
    "3": [
        897.73,
        184.161,
        0.552252
    ],
    "4": [
        888.806,
        226.29,
        0.520002
    ],
    "5": [
        955.084,
        141.977,
        0.896088
    ],
    "6": [
        934.025,
        199.238,
        0.747942
    ],
    "7": [
        912.805,
        223.409,
        1.00525
    ],
    "8": [
        900.79,
        232.387,
        0.848619
    ],
    "9": [
        873.805,
        286.55,
        0.946721
    ],
    "10": [
        873.716,
        349.774,
        0.875552
    ],
    "11": [
        927.989,
        241.298,
        0.866562
    ],
    "12": [
        927.991,
        298.662,
        0.808634
    ],
    "13": [
        930.968,
        346.848,
        0.66944
    ],
    "14": [
        900.895,
        102.798,
        0.688804
    ],
    "15": [
        909.87,
        102.784,
        0.951239
    ],
    "16": [
        0,
        0,
        0
    ],
    "17": [
        927.904,
        102.88,
        0.931946
    ]
}