{
    "0": [
        467.137,
        87.8705,
        0.947346
    ],
    "1": [
        488.233,
        123.93,
        0.85384
    ],
    "2": [
        476.186,
        121.021,
        0.83644
    ],
    "3": [
        470.209,
        181.256,
        0.331204
    ],
    "4": [
        449.169,
        208.22,
        0.461051
    ],
    "5": [
        497.286,
        124.026,
        0.906438
    ],
    "6": [
        500.346,
        190.124,
        0.908948
    ],
    "7": [
        494.248,
        235.371,
        0.9801
    ],
    "8": [
        467.193,
        229.314,
        0.872342
    ],
    "9": [
        464.209,
        301.686,
        0.784004
    ],
    "10": [
        512.412,
        361.793,
        0.816463
    ],
    "11": [
        485.34,
        232.389,
        0.846892
    ],
    "12": [
        476.314,
        310.577,
        0.864636
    ],
    "13": [
        479.331,
        386.008,
        0.900065
    ],
    "14": [
        464.17,
        84.7118,
        0.632666
    ],
    "15": [
        470.353,
        84.6993,
        0.986795
    ],
    "16": [
        NaN,
        NaN,
        NaN
    ],
    "17": [
        491.332,
        84.7551,
        0.940377
    ]
}