{
    "0": [
        545.486,
        96.773,
        0.963295
    ],
    "1": [
        566.557,
        135.902,
        0.963023
    ],
    "2": [
        545.63,
        133.054,
        0.947504
    ],
    "3": [
        536.467,
        187.177,
        0.895552
    ],
    "4": [
        500.272,
        214.211,
        0.890306
    ],
    "5": [
        584.669,
        136,
        0.936972
    ],
    "6": [
        599.665,
        190.159,
        0.88854
    ],
    "7": [
        611.728,
        235.352,
        0.971481
    ],
    "8": [
        551.615,
        235.323,
        0.803057
    ],
    "9": [
        572.657,
        304.663,
        0.885719
    ],
    "10": [
        590.798,
        373.943,
        0.947574
    ],
    "11": [
        563.634,
        238.317,
        0.858725
    ],
    "12": [
        533.398,
        301.74,
        0.929241
    ],
    "13": [
        521.359,
        379.996,
        0.93131
    ],
    "14": [
        542.512,
        87.9071,
        0.666183
    ],
    "15": [
        551.618,
        87.8695,
        0.930768
    ],
    "16": [
        0,
        0,
        0
    ],
    "17": [
        569.7,
        93.8235,
        0.898328
    ]
}