{
    "0": [
        352.935,
        87.7442,
        0.958407
    ],
    "1": [
        382.869,
        121.017,
        0.819025
    ],
    "2": [
        376.967,
        120.958,
        0.78546
    ],
    "3": [
        370.831,
        178.141,
        0.407322
    ],
    "4": [
        343.719,
        211.267,
        0.302122
    ],
    "5": [
        388.857,
        120.978,
        0.866735
    ],
    "6": [
        376.838,
        181.05,
        0.946355
    ],
    "7": [
        346.721,
        220.289,
        0.844056
    ],
    "8": [
        373.883,
        235.298,
        0.788936
    ],
    "9": [
        349.803,
        310.713,
        0.829482
    ],
    "10": [
        346.842,
        391.945,
        0.854198
    ],
    "11": [
        382.887,
        232.463,
        0.847355
    ],
    "12": [
        385.971,
        316.586,
        0.848497
    ],
    "13": [
        452.211,
        370.799,
        0.836924
    ],
    "14": [
        349.901,
        81.8378,
        0.411011
    ],
    "15": [
        361.899,
        81.7291,
        0.969421
    ],
    "16": [
        0,
        0,
        0
    ],
    "17": [
        379.903,
        81.7202,
        0.916614
    ]
}