{
    "0": [
        36.7458,
        60.6739,
        1.01348
    ],
    "1": [
        72.8197,
        99.8038,
        0.796093
    ],
    "2": [
        63.7828,
        96.9217,
        0.719264
    ],
    "3": [
        42.7247,
        157.157,
        0.434098
    ],
    "4": [
        6.47433,
        205.28,
        0.269347
    ],
    "5": [
        78.6954,
        96.9343,
        0.899399
    ],
    "6": [
        66.6824,
        163.182,
        0.813914
    ],
    "7": [
        27.5417,
        211.231,
        0.845038
    ],
    "8": [
        60.677,
        232.406,
        0.731736
    ],
    "9": [
        33.5121,
        328.654,
        0.74433
    ],
    "10": [
        30.4885,
        418.99,
        0.733887
    ],
    "11": [
        69.7397,
        235.353,
        0.775619
    ],
    "12": [
        84.8518,
        328.731,
        0.769711
    ],
    "13": [
        169.149,
        391.963,
        0.731304
    ],
    "14": [
        36.5684,
        51.6714,
        0.753402
    ],
    "15": [
        48.7184,
        51.6923,
        0.961188
    ],
    "16": [
        0,
        0,
        0
    ],
    "17": [
        75.8496,
        54.6986,
        0.919818
    ]
}