{
    "0": [
        714.155,
        99.8061,
        0.972539
    ],
    "1": [
        732.31,
        132.983,
        0.993346
    ],
    "2": [
        714.09,
        132.896,
        0.95405
    ],
    "3": [
        705.001,
        181.146,
        0.75487
    ],
    "4": [
        687.04,
        217.368,
        0.870167
    ],
    "5": [
        753.291,
        133.066,
        0.955841
    ],
    "6": [
        756.387,
        190.126,
        0.870041
    ],
    "7": [
        756.321,
        235.308,
        0.89763
    ],
    "8": [
        711.048,
        232.296,
        0.925617
    ],
    "9": [
        714.108,
        301.608,
        0.830469
    ],
    "10": [
        756.279,
        352.855,
        0.88087
    ],
    "11": [
        732.27,
        235.376,
        0.89709
    ],
    "12": [
        717.088,
        304.614,
        0.961828
    ],
    "13": [
        714.241,
        376.951,
        0.965656
    ],
    "14": [
        711.198,
        90.8176,
        0.758925
    ],
    "15": [
        723.116,
        90.8796,
        0.927221
    ],
    "16": [
        0,
        0,
        0
    ],
    "17": [
        741.213,
        96.789,
        0.876014
    ]
}