{
    "0": [
        756.419,
        105.945,
        0.986081
    ],
    "1": [
        777.367,
        139.08,
        0.909623
    ],
    "2": [
        759.253,
        139.032,
        0.88815
    ],
    "3": [
        741.321,
        181.162,
        0.639406
    ],
    "4": [
        720.204,
        208.188,
        0.599789
    ],
    "5": [
        795.429,
        142.02,
        0.912379
    ],
    "6": [
        813.548,
        190.226,
        0.888212
    ],
    "7": [
        825.643,
        232.482,
        0.960136
    ],
    "8": [
        759.232,
        238.299,
        0.834534
    ],
    "9": [
        783.445,
        301.719,
        0.849736
    ],
    "10": [
        813.623,
        364.841,
        0.929597
    ],
    "11": [
        774.413,
        238.361,
        0.826778
    ],
    "12": [
        747.208,
        304.648,
        0.876918
    ],
    "13": [
        720.24,
        373.96,
        0.909242
    ],
    "14": [
        756.192,
        102.797,
        0.621862
    ],
    "15": [
        762.346,
        102.777,
        0.964138
    ],
    "16": [
        0,
        0,
        0
    ],
    "17": [
        780.468,
        102.896,
        0.940918
    ]
}