{
    "0": [
        54.7556,
        63.6667,
        1.02862
    ],
    "1": [
        84.8715,
        102.864,
        0.889652
    ],
    "2": [
        66.7506,
        102.785,
        0.840743
    ],
    "3": [
        51.6807,
        157.164,
        0.579769
    ],
    "4": [
        30.5426,
        199.105,
        0.371116
    ],
    "5": [
        102.924,
        102.812,
        0.946547
    ],
    "6": [
        78.7824,
        166.108,
        0.779528
    ],
    "7": [
        30.659,
        199.18,
        0.813306
    ],
    "8": [
        69.7566,
        238.312,
        0.765376
    ],
    "9": [
        39.6194,
        328.67,
        0.780958
    ],
    "10": [
        30.6823,
        416.117,
        0.791556
    ],
    "11": [
        96.7721,
        238.325,
        0.807917
    ],
    "12": [
        123.988,
        325.765,
        0.727177
    ],
    "13": [
        184.258,
        401.038,
        0.734768
    ],
    "14": [
        51.689,
        57.6153,
        0.661606
    ],
    "15": [
        63.7738,
        54.7617,
        0.973022
    ],
    "16": [
        6.4205,
        78.6434,
        0.0525239
    ],
    "17": [
        93.8461,
        57.6903,
        0.903155
    ]
}