{
    "0": [
        732.265,
        102.952,
        0.992578
    ],
    "1": [
        753.267,
        136.065,
        0.928023
    ],
    "2": [
        735.224,
        136.003,
        0.894006
    ],
    "3": [
        717.18,
        187.237,
        0.857636
    ],
    "4": [
        687.051,
        217.237,
        0.848771
    ],
    "5": [
        768.38,
        138.978,
        0.930241
    ],
    "6": [
        783.465,
        193.297,
        0.897635
    ],
    "7": [
        789.431,
        241.308,
        0.890642
    ],
    "8": [
        732.226,
        235.451,
        0.841526
    ],
    "9": [
        741.198,
        304.611,
        0.806187
    ],
    "10": [
        792.504,
        352.881,
        0.953121
    ],
    "11": [
        753.335,
        238.434,
        0.870567
    ],
    "12": [
        729.136,
        304.669,
        0.857877
    ],
    "13": [
        720.096,
        376.968,
        0.896632
    ],
    "14": [
        732.12,
        96.8335,
        0.618469
    ],
    "15": [
        738.233,
        96.9018,
        0.963484
    ],
    "16": [
        0,
        0,
        0
    ],
    "17": [
        759.22,
        99.8764,
        0.959782
    ]
}