{
    "0": [
        163.068,
        66.7726,
        0.925977
    ],
    "1": [
        202.201,
        105.886,
        0.862037
    ],
    "2": [
        190.239,
        102.802,
        0.767725
    ],
    "3": [
        184.188,
        169.066,
        0.161552
    ],
    "4": [
        172.045,
        217.312,
        0.1154
    ],
    "5": [
        208.243,
        108.887,
        0.977309
    ],
    "6": [
        205.296,
        181.215,
        0.907994
    ],
    "7": [
        184.254,
        238.332,
        0.870165
    ],
    "8": [
        190.198,
        229.34,
        0.775169
    ],
    "9": [
        178.15,
        313.701,
        0.782049
    ],
    "10": [
        235.375,
        370.83,
        0.850018
    ],
    "11": [
        205.215,
        232.403,
        0.863704
    ],
    "12": [
        181.193,
        319.7,
        0.863689
    ],
    "13": [
        199.177,
        409.966,
        0.902994
    ],
    "14": [
        160.052,
        60.5781,
        0.166137
    ],
    "15": [
        172.153,
        60.6455,
        0.98408
    ],
    "16": [
        0,
        0,
        0
    ],
    "17": [
        196.278,
        60.7994,
        1.03954
    ]
}