{
    "0": [
        915.838,
        105.776,
        0.937809
    ],
    "1": [
        930.98,
        136.05,
        0.956216
    ],
    "2": [
        909.969,
        136.03,
        0.892278
    ],
    "3": [
        903.837,
        187.185,
        0.819401
    ],
    "4": [
        888.854,
        229.327,
        0.955537
    ],
    "5": [
        955.145,
        138.996,
        0.918353
    ],
    "6": [
        955.087,
        193.158,
        0.700879
    ],
    "7": [
        933.932,
        229.352,
        0.892491
    ],
    "8": [
        909.882,
        229.445,
        0.89746
    ],
    "9": [
        885.733,
        286.52,
        0.960243
    ],
    "10": [
        903.912,
        343.735,
        0.806775
    ],
    "11": [
        937.024,
        235.387,
        0.804303
    ],
    "12": [
        934.028,
        295.629,
        0.770565
    ],
    "13": [
        931.051,
        343.832,
        0.559996
    ],
    "14": [
        909.887,
        99.849,
        0.730033
    ],
    "15": [
        921.988,
        96.8884,
        0.948555
    ],
    "16": [
        NaN,
        NaN,
        NaN
    ],
    "17": [
        937.069,
        99.8915,
        0.895927
    ]
}