{
    "0": [
        235.303,
        84.7071,
        0.971335
    ],
    "1": [
        265.417,
        123.902,
        0.884478
    ],
    "2": [
        250.45,
        123.923,
        0.866795
    ],
    "3": [
        232.438,
        184.224,
        0.855534
    ],
    "4": [
        184.269,
        211.311,
        0.903057
    ],
    "5": [
        277.542,
        121.03,
        0.929844
    ],
    "6": [
        307.628,
        184.13,
        0.862045
    ],
    "7": [
        331.811,
        238.428,
        0.881077
    ],
    "8": [
        262.43,
        244.38,
        0.725509
    ],
    "9": [
        301.542,
        322.651,
        0.924085
    ],
    "10": [
        343.719,
        391.949,
        0.885069
    ],
    "11": [
        262.51,
        244.394,
        0.841633
    ],
    "12": [
        229.231,
        322.77,
        0.961168
    ],
    "13": [
        202.268,
        407.05,
        0.934914
    ],
    "14": [
        232.359,
        75.7992,
        0.636418
    ],
    "15": [
        247.291,
        78.6816,
        0.934215
    ],
    "16": [
        6.41591,
        133.024,
        0.0842004
    ],
    "17": [
        268.515,
        78.7995,
        0.972485
    ]
}