{
    "0": [
        726.174,
        102.829,
        0.955929
    ],
    "1": [
        747.256,
        133.048,
        0.928558
    ],
    "2": [
        729.221,
        132.994,
        0.916467
    ],
    "3": [
        717.114,
        187.111,
        0.815679
    ],
    "4": [
        687.111,
        217.223,
        0.921368
    ],
    "5": [
        762.369,
        133.106,
        0.931557
    ],
    "6": [
        774.33,
        187.274,
        0.895448
    ],
    "7": [
        777.441,
        235.412,
        0.942992
    ],
    "8": [
        726.158,
        232.41,
        0.822461
    ],
    "9": [
        729.253,
        304.58,
        0.834631
    ],
    "10": [
        783.422,
        349.686,
        0.916371
    ],
    "11": [
        744.342,
        238.358,
        0.839332
    ],
    "12": [
        726.135,
        304.676,
        0.901148
    ],
    "13": [
        720.215,
        376.985,
        0.907649
    ],
    "14": [
        723.175,
        93.8411,
        0.643218
    ],
    "15": [
        732.299,
        93.9208,
        0.946073
    ],
    "16": [
        0,
        0,
        0
    ],
    "17": [
        753.327,
        96.8982,
        0.912442
    ]
}