{
    "0": [
        674.95,
        96.8655,
        0.883743
    ],
    "1": [
        693.103,
        130.062,
        0.911132
    ],
    "2": [
        681.038,
        127.036,
        0.870081
    ],
    "3": [
        668.941,
        172.112,
        0.510838
    ],
    "4": [
        659.943,
        217.223,
        0.405256
    ],
    "5": [
        708.199,
        133.051,
        0.944009
    ],
    "6": [
        702.058,
        193.16,
        0.857632
    ],
    "7": [
        674.911,
        220.256,
        0.842094
    ],
    "8": [
        675.09,
        229.339,
        0.85177
    ],
    "9": [
        647.97,
        298.593,
        0.953869
    ],
    "10": [
        638.951,
        370.89,
        0.979385
    ],
    "11": [
        699.132,
        232.465,
        0.841544
    ],
    "12": [
        705.1,
        304.736,
        0.871136
    ],
    "13": [
        714.163,
        373.915,
        0.927607
    ],
    "14": [
        671.971,
        90.7635,
        0.432243
    ],
    "15": [
        681.048,
        90.7994,
        0.937962
    ],
    "16": [
        NaN,
        NaN,
        NaN
    ],
    "17": [
        699.079,
        93.8707,
        0.880117
    ]
}