{
    "0": [
        6.44547,
        51.6691,
        0.943934
    ],
    "1": [
        39.6547,
        96.9279,
        0.855662
    ],
    "2": [
        27.4877,
        96.8797,
        0.775898
    ],
    "3": [
        6.45249,
        169.139,
        0.284418
    ],
    "4": [
        6.39033,
        235.343,
        0.350119
    ],
    "5": [
        57.6888,
        99.8347,
        0.918986
    ],
    "6": [
        54.6907,
        172.112,
        0.877888
    ],
    "7": [
        33.7128,
        235.327,
        0.90243
    ],
    "8": [
        30.5699,
        232.301,
        0.680264
    ],
    "9": [
        6.49055,
        328.778,
        0.696891
    ],
    "10": [
        30.6204,
        418.958,
        0.828406
    ],
    "11": [
        51.7087,
        232.42,
        0.810591
    ],
    "12": [
        30.5417,
        328.678,
        0.794142
    ],
    "13": [
        120.858,
        379.937,
        0.871213
    ],
    "14": [
        6.40943,
        42.6855,
        0.840361
    ],
    "15": [
        27.5335,
        39.7338,
        0.87824
    ],
    "16": [
        0,
        0,
        0
    ],
    "17": [
        48.7354,
        48.6406,
        0.820085
    ]
}