{
    "0": [
        813.487,
        102.941,
        0.920247
    ],
    "1": [
        831.566,
        136.09,
        0.911552
    ],
    "2": [
        810.596,
        135.976,
        0.899901
    ],
    "3": [
        804.485,
        187.19,
        0.21586
    ],
    "4": [
        801.514,
        220.244,
        0.11285
    ],
    "5": [
        852.552,
        139.057,
        0.953306
    ],
    "6": [
        852.582,
        193.283,
        0.884901
    ],
    "7": [
        846.559,
        229.437,
        0.912477
    ],
    "8": [
        804.458,
        229.424,
        0.891589
    ],
    "9": [
        816.558,
        295.622,
        0.825262
    ],
    "10": [
        858.717,
        349.696,
        0.894003
    ],
    "11": [
        825.576,
        232.385,
        0.916659
    ],
    "12": [
        810.57,
        298.704,
        0.920789
    ],
    "13": [
        819.565,
        370.811,
        0.899494
    ],
    "14": [
        810.555,
        96.9149,
        0.488695
    ],
    "15": [
        819.593,
        96.8854,
        0.91301
    ],
    "16": [
        0,
        0,
        0
    ],
    "17": [
        837.573,
        99.9445,
        0.915929
    ]
}