{
    "0": [
        527.373,
        96.9377,
        0.944968
    ],
    "1": [
        548.538,
        135.962,
        0.936025
    ],
    "2": [
        533.431,
        135.973,
        0.908472
    ],
    "3": [
        515.494,
        187.258,
        0.861466
    ],
    "4": [
        476.266,
        211.241,
        0.888602
    ],
    "5": [
        566.506,
        136.057,
        0.925749
    ],
    "6": [
        587.599,
        187.28,
        0.874366
    ],
    "7": [
        599.703,
        232.427,
        0.931483
    ],
    "8": [
        533.478,
        238.409,
        0.779928
    ],
    "9": [
        560.614,
        307.652,
        0.867632
    ],
    "10": [
        590.69,
        373.992,
        0.941026
    ],
    "11": [
        545.573,
        238.433,
        0.837614
    ],
    "12": [
        515.514,
        307.718,
        0.870313
    ],
    "13": [
        482.339,
        382.898,
        0.888526
    ],
    "14": [
        521.523,
        90.783,
        0.608308
    ],
    "15": [
        536.392,
        90.7969,
        0.942352
    ],
    "16": [
        0,
        0,
        0
    ],
    "17": [
        554.474,
        93.8373,
        0.872077
    ]
}