{
    "0": [
        702.151,
        96.9157,
        0.926662
    ],
    "1": [
        723.211,
        132.953,
        0.936872
    ],
    "2": [
        705.19,
        129.98,
        0.948438
    ],
    "3": [
        699.153,
        184.109,
        0.788474
    ],
    "4": [
        681.063,
        223.345,
        0.935396
    ],
    "5": [
        738.273,
        133.07,
        0.923848
    ],
    "6": [
        738.286,
        193.212,
        0.873596
    ],
    "7": [
        732.292,
        238.361,
        0.912929
    ],
    "8": [
        702.077,
        229.393,
        0.912586
    ],
    "9": [
        684.045,
        298.574,
        0.996006
    ],
    "10": [
        717.091,
        358.768,
        0.784137
    ],
    "11": [
        726.127,
        232.464,
        0.84747
    ],
    "12": [
        714.158,
        301.687,
        0.907259
    ],
    "13": [
        723.133,
        370.946,
        0.896372
    ],
    "14": [
        702.015,
        90.8366,
        0.54479
    ],
    "15": [
        708.194,
        90.8015,
        0.976924
    ],
    "16": [
        0,
        0,
        0
    ],
    "17": [
        729.26,
        90.9165,
        0.92917
    ]
}