{
    "0": [
        626.765,
        99.9288,
        0.906019
    ],
    "1": [
        644.916,
        135.908,
        0.885722
    ],
    "2": [
        635.786,
        133.029,
        0.872085
    ],
    "3": [
        629.796,
        184.086,
        0.504067
    ],
    "4": [
        611.785,
        214.343,
        0.430267
    ],
    "5": [
        659.935,
        135.936,
        0.938416
    ],
    "6": [
        647.984,
        184.184,
        0.86646
    ],
    "7": [
        617.786,
        217.325,
        0.857961
    ],
    "8": [
        629.802,
        232.451,
        0.836021
    ],
    "9": [
        611.717,
        301.721,
        0.947919
    ],
    "10": [
        602.712,
        370.842,
        0.955772
    ],
    "11": [
        653.927,
        235.352,
        0.858273
    ],
    "12": [
        662.869,
        304.618,
        0.936341
    ],
    "13": [
        708.027,
        367.916,
        0.945242
    ],
    "14": [
        620.92,
        93.8998,
        0.416053
    ],
    "15": [
        632.876,
        93.8457,
        0.93094
    ],
    "16": [
        0,
        0,
        0
    ],
    "17": [
        650.859,
        99.8025,
        0.853323
    ]
}