{
    "0": [
        395.009,
        90.843,
        0.965959
    ],
    "1": [
        419.082,
        129.858,
        0.889266
    ],
    "2": [
        406.967,
        129.882,
        0.805628
    ],
    "3": [
        403.955,
        184.132,
        0.550427
    ],
    "4": [
        367.802,
        205.211,
        0.594286
    ],
    "5": [
        431.057,
        126.979,
        0.88438
    ],
    "6": [
        413.093,
        181.214,
        0.794373
    ],
    "7": [
        370.792,
        202.282,
        0.825872
    ],
    "8": [
        415.984,
        238.377,
        0.760048
    ],
    "9": [
        446.094,
        316.599,
        0.758638
    ],
    "10": [
        476.287,
        382.991,
        0.805933
    ],
    "11": [
        422.023,
        238.418,
        0.802555
    ],
    "12": [
        379.931,
        310.69,
        0.860092
    ],
    "13": [
        352.772,
        391.855,
        0.92028
    ],
    "14": [
        394.878,
        87.7636,
        0.575257
    ],
    "15": [
        400.995,
        84.8168,
        0.994533
    ],
    "16": [
        NaN,
        NaN,
        NaN
    ],
    "17": [
        421.999,
        84.9324,
        0.950033
    ]
}