{
    "0": [
        590.583,
        93.9083,
        0.95702
    ],
    "1": [
        608.815,
        129.905,
        0.880113
    ],
    "2": [
        596.713,
        129.887,
        0.825086
    ],
    "3": [
        590.562,
        187.17,
        0.230993
    ],
    "4": [
        578.682,
        226.363,
        0.215011
    ],
    "5": [
        620.824,
        130.022,
        0.90674
    ],
    "6": [
        620.749,
        190.144,
        0.899205
    ],
    "7": [
        611.761,
        232.419,
        1.02954
    ],
    "8": [
        587.631,
        229.439,
        0.817624
    ],
    "9": [
        587.774,
        304.569,
        0.847789
    ],
    "10": [
        593.651,
        370.999,
        0.911593
    ],
    "11": [
        602.754,
        235.301,
        0.822364
    ],
    "12": [
        590.657,
        304.709,
        0.896904
    ],
    "13": [
        647.87,
        349.863,
        0.871713
    ],
    "14": [
        587.668,
        87.938,
        0.618042
    ],
    "15": [
        593.728,
        87.8476,
        0.975755
    ],
    "16": [
        0,
        0,
        0
    ],
    "17": [
        611.862,
        90.7799,
        0.921206
    ]
}