{
    "0": [
        921.916,
        105.851,
        0.967643
    ],
    "1": [
        934.024,
        138.97,
        0.899692
    ],
    "2": [
        915.887,
        139.015,
        0.894858
    ],
    "3": [
        903.9,
        184.154,
        0.838149
    ],
    "4": [
        891.788,
        226.395,
        0.937083
    ],
    "5": [
        955.158,
        141.958,
        0.829809
    ],
    "6": [
        955.108,
        190.258,
        0.635685
    ],
    "7": [
        955.096,
        229.302,
        0.75566
    ],
    "8": [
        912.959,
        229.31,
        0.866852
    ],
    "9": [
        888.894,
        289.617,
        0.817263
    ],
    "10": [
        927.961,
        337.784,
        0.574999
    ],
    "11": [
        955.064,
        235.295,
        0.794353
    ],
    "12": [
        933.997,
        292.607,
        0.58986
    ],
    "13": [
        936.993,
        334.759,
        0.514924
    ],
    "14": [
        918.838,
        99.8942,
        0.825078
    ],
    "15": [
        927.942,
        99.8687,
        0.980862
    ],
    "16": [
        0,
        0,
        0
    ],
    "17": [
        955.115,
        102.902,
        0.986531
    ]
}