{
    "0": [
        410.048,
        87.9388,
        0.919125
    ],
    "1": [
        437.107,
        126.877,
        0.8439
    ],
    "2": [
        422.123,
        124.042,
        0.809298
    ],
    "3": [
        415.998,
        181.257,
        0.537243
    ],
    "4": [
        385.986,
        208.297,
        0.54993
    ],
    "5": [
        446.216,
        123.944,
        0.903046
    ],
    "6": [
        431.137,
        178.158,
        0.851988
    ],
    "7": [
        383.006,
        205.196,
        0.814096
    ],
    "8": [
        419.121,
        235.351,
        0.867609
    ],
    "9": [
        395,
        307.656,
        0.955793
    ],
    "10": [
        370.751,
        382.923,
        0.950408
    ],
    "11": [
        446.124,
        238.383,
        0.859467
    ],
    "12": [
        458.164,
        313.655,
        0.874759
    ],
    "13": [
        479.218,
        385.903,
        0.893073
    ],
    "14": [
        406.942,
        84.7931,
        0.569378
    ],
    "15": [
        419.006,
        84.7542,
        0.980116
    ],
    "16": [
        0,
        0,
        0
    ],
    "17": [
        440.026,
        84.8982,
        0.969248
    ]
}