{
    "0": [
        569.645,
        93.8738,
        0.947331
    ],
    "1": [
        590.77,
        129.976,
        0.91565
    ],
    "2": [
        578.694,
        129.95,
        0.887293
    ],
    "3": [
        572.627,
        184.124,
        0.478734
    ],
    "4": [
        551.572,
        220.213,
        0.466897
    ],
    "5": [
        605.818,
        130.025,
        0.942198
    ],
    "6": [
        614.798,
        184.21,
        0.906646
    ],
    "7": [
        611.736,
        232.421,
        0.955862
    ],
    "8": [
        572.671,
        226.344,
        0.845574
    ],
    "9": [
        578.634,
        298.602,
        0.84947
    ],
    "10": [
        599.69,
        358.883,
        0.733389
    ],
    "11": [
        590.612,
        229.311,
        0.951431
    ],
    "12": [
        560.651,
        298.634,
        0.96725
    ],
    "13": [
        593.645,
        364.929,
        0.874823
    ],
    "14": [
        566.683,
        87.8582,
        0.623881
    ],
    "15": [
        578.584,
        87.7821,
        0.94936
    ],
    "16": [
        0,
        0,
        0
    ],
    "17": [
        593.823,
        90.78,
        0.903215
    ]
}