{
    "0": [
        653.947,
        102.86,
        0.927439
    ],
    "1": [
        674.954,
        133.071,
        0.88645
    ],
    "2": [
        659.998,
        132.965,
        0.893997
    ],
    "3": [
        656.896,
        181.115,
        0.6145
    ],
    "4": [
        638.84,
        211.282,
        0.589572
    ],
    "5": [
        687.102,
        135.938,
        0.919003
    ],
    "6": [
        675.011,
        184.306,
        0.847149
    ],
    "7": [
        644.843,
        211.305,
        0.779552
    ],
    "8": [
        659.93,
        232.341,
        0.904374
    ],
    "9": [
        632.911,
        301.532,
        0.950965
    ],
    "10": [
        608.785,
        367.793,
        0.90781
    ],
    "11": [
        684.032,
        235.393,
        0.869784
    ],
    "12": [
        693.068,
        307.624,
        0.880481
    ],
    "13": [
        714.153,
        373.866,
        0.936691
    ],
    "14": [
        650.986,
        96.7848,
        0.470153
    ],
    "15": [
        659.996,
        96.79,
        0.960865
    ],
    "16": [
        NaN,
        NaN,
        NaN
    ],
    "17": [
        680.962,
        99.8333,
        0.884007
    ]
}