{
    "0": [
        774.424,
        105.908,
        0.973055
    ],
    "1": [
        792.516,
        138.946,
        0.927999
    ],
    "2": [
        771.437,
        136.108,
        0.902588
    ],
    "3": [
        756.395,
        184.168,
        0.893183
    ],
    "4": [
        732.324,
        208.348,
        0.908535
    ],
    "5": [
        813.534,
        139.017,
        0.93757
    ],
    "6": [
        831.621,
        187.289,
        0.910145
    ],
    "7": [
        840.694,
        232.427,
        0.947811
    ],
    "8": [
        777.437,
        235.326,
        0.853124
    ],
    "9": [
        792.518,
        298.683,
        0.83479
    ],
    "10": [
        819.598,
        364.83,
        0.879384
    ],
    "11": [
        795.511,
        235.412,
        0.84775
    ],
    "12": [
        762.427,
        298.62,
        0.906169
    ],
    "13": [
        744.251,
        370.93,
        0.919936
    ],
    "14": [
        771.325,
        99.8553,
        0.776846
    ],
    "15": [
        783.29,
        99.932,
        0.974033
    ],
    "16": [
        NaN,
        NaN,
        NaN
    ],
    "17": [
        801.449,
        102.851,
        0.911756
    ]
}