{
    "0": [
        858.734,
        108.875,
        0.971538
    ],
    "1": [
        876.779,
        142.029,
        0.922872
    ],
    "2": [
        861.624,
        139.078,
        0.918913
    ],
    "3": [
        852.748,
        184.147,
        0.641141
    ],
    "4": [
        837.711,
        217.332,
        0.516137
    ],
    "5": [
        894.803,
        144.954,
        0.927078
    ],
    "6": [
        885.742,
        190.219,
        0.849571
    ],
    "7": [
        852.677,
        217.288,
        0.895454
    ],
    "8": [
        855.715,
        238.366,
        0.871183
    ],
    "9": [
        834.592,
        301.549,
        0.990179
    ],
    "10": [
        825.548,
        367.789,
        0.93425
    ],
    "11": [
        882.708,
        241.444,
        0.873554
    ],
    "12": [
        897.831,
        301.653,
        0.869519
    ],
    "13": [
        921.857,
        346.752,
        0.713477
    ],
    "14": [
        855.768,
        102.958,
        0.642306
    ],
    "15": [
        867.649,
        105.764,
        0.95368
    ],
    "16": [
        NaN,
        NaN,
        NaN
    ],
    "17": [
        882.783,
        105.912,
        0.967613
    ]
}