{
    "0": [
        680.96,
        96.8344,
        0.902246
    ],
    "1": [
        702.036,
        130.021,
        0.90543
    ],
    "2": [
        686.973,
        129.979,
        0.889745
    ],
    "3": [
        678.045,
        181.159,
        0.363633
    ],
    "4": [
        665.987,
        223.278,
        0.34598
    ],
    "5": [
        714.146,
        130.093,
        0.92163
    ],
    "6": [
        708.066,
        187.169,
        0.909114
    ],
    "7": [
        684.023,
        220.254,
        0.922154
    ],
    "8": [
        683.972,
        229.314,
        0.867054
    ],
    "9": [
        653.987,
        295.547,
        0.952354
    ],
    "10": [
        657,
        364.897,
        0.961111
    ],
    "11": [
        708.061,
        232.416,
        0.891112
    ],
    "12": [
        708.041,
        307.56,
        0.900047
    ],
    "13": [
        714.205,
        376.823,
        0.919639
    ],
    "14": [
        678.023,
        90.7714,
        0.493531
    ],
    "15": [
        684.158,
        87.9192,
        0.956048
    ],
    "16": [
        0,
        0,
        0
    ],
    "17": [
        705.151,
        90.8785,
        0.911487
    ]
}