{
    "0": [
        798.512,
        105.782,
        0.940857
    ],
    "1": [
        819.476,
        135.972,
        0.92077
    ],
    "2": [
        798.5,
        133.021,
        0.905169
    ],
    "3": [
        789.443,
        181.235,
        0.862765
    ],
    "4": [
        774.43,
        223.321,
        0.936503
    ],
    "5": [
        837.552,
        136.084,
        0.937431
    ],
    "6": [
        843.627,
        190.154,
        0.846911
    ],
    "7": [
        846.7,
        232.344,
        0.938579
    ],
    "8": [
        801.486,
        229.273,
        0.871122
    ],
    "9": [
        798.501,
        292.614,
        0.783205
    ],
    "10": [
        819.555,
        355.807,
        0.804711
    ],
    "11": [
        819.583,
        229.473,
        0.8811
    ],
    "12": [
        789.441,
        292.651,
        0.937451
    ],
    "13": [
        813.578,
        361.868,
        0.886144
    ],
    "14": [
        795.464,
        99.7693,
        0.614172
    ],
    "15": [
        804.539,
        99.7897,
        0.951314
    ],
    "16": [
        6.45275,
        147.978,
        0.0566091
    ],
    "17": [
        825.476,
        99.897,
        0.89541
    ]
}