{
    "0": [
        720.155,
        99.8845,
        0.93981
    ],
    "1": [
        738.302,
        135.959,
        0.950543
    ],
    "2": [
        720.161,
        133.061,
        0.927975
    ],
    "3": [
        708.216,
        187.265,
        0.740607
    ],
    "4": [
        687.104,
        217.294,
        0.902677
    ],
    "5": [
        756.386,
        136.034,
        0.928648
    ],
    "6": [
        765.395,
        190.176,
        0.897014
    ],
    "7": [
        771.366,
        235.428,
        0.9491
    ],
    "8": [
        717.173,
        232.444,
        0.82751
    ],
    "9": [
        720.257,
        304.659,
        0.836735
    ],
    "10": [
        771.283,
        346.685,
        0.842994
    ],
    "11": [
        738.18,
        238.318,
        0.882091
    ],
    "12": [
        717.19,
        304.676,
        0.936333
    ],
    "13": [
        717.191,
        376.91,
        0.941065
    ],
    "14": [
        717.194,
        90.9204,
        0.564026
    ],
    "15": [
        729.166,
        93.7634,
        0.924318
    ],
    "16": [
        NaN,
        NaN,
        NaN
    ],
    "17": [
        747.3,
        96.838,
        0.889417
    ]
}