{
    "0": [
        792.376,
        105.835,
        0.960311
    ],
    "1": [
        810.615,
        136.114,
        0.938273
    ],
    "2": [
        792.464,
        136.092,
        0.917338
    ],
    "3": [
        783.372,
        184.237,
        0.863664
    ],
    "4": [
        765.346,
        220.385,
        0.961534
    ],
    "5": [
        831.582,
        138.951,
        0.966812
    ],
    "6": [
        840.565,
        190.254,
        0.879659
    ],
    "7": [
        849.579,
        232.392,
        0.929619
    ],
    "8": [
        789.43,
        229.418,
        0.847672
    ],
    "9": [
        795.522,
        292.659,
        0.838343
    ],
    "10": [
        816.586,
        361.795,
        0.903841
    ],
    "11": [
        810.463,
        232.399,
        0.896967
    ],
    "12": [
        783.437,
        292.578,
        0.921399
    ],
    "13": [
        798.537,
        364.759,
        0.885917
    ],
    "14": [
        789.358,
        99.8196,
        0.682832
    ],
    "15": [
        801.37,
        99.7961,
        0.929865
    ],
    "16": [
        NaN,
        NaN,
        NaN
    ],
    "17": [
        816.588,
        99.8883,
        0.876047
    ]
}