{
    "0": [
        635.82,
        102.815,
        0.948793
    ],
    "1": [
        653.959,
        135.913,
        0.889886
    ],
    "2": [
        638.948,
        133.022,
        0.898234
    ],
    "3": [
        635.95,
        184.229,
        0.581118
    ],
    "4": [
        617.72,
        217.317,
        0.519292
    ],
    "5": [
        666.024,
        135.962,
        0.926458
    ],
    "6": [
        656.9,
        190.223,
        0.853999
    ],
    "7": [
        623.782,
        217.287,
        0.840179
    ],
    "8": [
        635.913,
        235.416,
        0.875907
    ],
    "9": [
        614.722,
        304.63,
        0.948656
    ],
    "10": [
        602.763,
        370.935,
        0.951256
    ],
    "11": [
        662.938,
        238.463,
        0.887297
    ],
    "12": [
        675.004,
        307.661,
        0.877343
    ],
    "13": [
        711.115,
        370.81,
        0.954987
    ],
    "14": [
        632.847,
        96.7795,
        0.626247
    ],
    "15": [
        638.958,
        93.9276,
        0.952203
    ],
    "16": [
        0,
        0,
        0
    ],
    "17": [
        659.925,
        99.7827,
        0.894052
    ]
}