{
    "0": [
        584.644,
        93.8834,
        0.927483
    ],
    "1": [
        602.769,
        129.97,
        0.895688
    ],
    "2": [
        587.76,
        129.912,
        0.922263
    ],
    "3": [
        584.618,
        184.309,
        0.750756
    ],
    "4": [
        563.587,
        226.359,
        0.919966
    ],
    "5": [
        614.879,
        130.002,
        0.939608
    ],
    "6": [
        617.746,
        187.264,
        0.896679
    ],
    "7": [
        611.748,
        235.314,
        0.987614
    ],
    "8": [
        581.697,
        232.287,
        0.820007
    ],
    "9": [
        578.715,
        301.661,
        0.822282
    ],
    "10": [
        593.75,
        370.817,
        0.918459
    ],
    "11": [
        599.742,
        235.348,
        0.817806
    ],
    "12": [
        584.613,
        301.71,
        0.901998
    ],
    "13": [
        632.766,
        355.793,
        0.867048
    ],
    "14": [
        581.635,
        87.8858,
        0.632111
    ],
    "15": [
        590.624,
        87.8391,
        0.985839
    ],
    "16": [
        0,
        0,
        0
    ],
    "17": [
        608.785,
        90.7813,
        0.914009
    ]
}