{
    "0": [
        470.27,
        87.8704,
        0.97269
    ],
    "1": [
        494.231,
        124.004,
        0.869193
    ],
    "2": [
        482.286,
        123.957,
        0.861499
    ],
    "3": [
        473.346,
        184.269,
        0.362156
    ],
    "4": [
        449.271,
        217.366,
        0.478774
    ],
    "5": [
        503.419,
        126.973,
        0.909768
    ],
    "6": [
        509.396,
        190.203,
        0.890521
    ],
    "7": [
        NaN,
        NaN,
        NaN
    ],
    "8": [
        470.233,
        232.391,
        0.859667
    ],
    "9": [
        476.28,
        310.658,
        0.770706
    ],
    "10": [
        527.503,
        349.866,
        0.716752
    ],
    "11": [
        488.339,
        235.404,
        0.857206
    ],
    "12": [
        479.198,
        316.657,
        0.899748
    ],
    "13": [
        482.345,
        388.983,
        0.826905
    ],
    "14": [
        467.322,
        84.7515,
        0.66165
    ],
    "15": [
        476.306,
        84.6995,
        0.960806
    ],
    "16": [
        NaN,
        NaN,
        NaN
    ],
    "17": [
        497.254,
        84.7591,
        0.938251
    ]
}