{
    "0": [
        81.9206,
        66.8239,
        0.987945
    ],
    "1": [
        120.971,
        102.908,
        0.778017
    ],
    "2": [
        108.926,
        102.797,
        0.6796
    ],
    "3": [
        87.8597,
        166.04,
        0.425346
    ],
    "4": [
        39.6043,
        184.249,
        0.346829
    ],
    "5": [
        130.003,
        102.952,
        0.922235
    ],
    "6": [
        90.8639,
        163.186,
        0.793541
    ],
    "7": [
        33.6312,
        193.268,
        0.827196
    ],
    "8": [
        130.054,
        241.393,
        0.704131
    ],
    "9": [
        154.043,
        325.82,
        0.882684
    ],
    "10": [
        196.15,
        412.931,
        0.878025
    ],
    "11": [
        111.976,
        241.434,
        0.784784
    ],
    "12": [
        75.676,
        331.718,
        0.913378
    ],
    "13": [
        36.6599,
        416.072,
        0.930623
    ],
    "14": [
        78.8978,
        60.6044,
        0.578228
    ],
    "15": [
        90.8332,
        57.7844,
        0.979393
    ],
    "16": [
        6.36946,
        57.5809,
        0.15178
    ],
    "17": [
        120.964,
        57.8109,
        0.937402
    ]
}