{
    "0": [
        6.3692,
        45.7368,
        0.782202
    ],
    "1": [
        6.47488,
        90.8357,
        0.803382
    ],
    "2": [
        6.41824,
        87.7697,
        0.591215
    ],
    "3": [
        6.35978,
        151.034,
        0.114605
    ],
    "4": [
        NaN,
        NaN,
        NaN
    ],
    "5": [
        39.7452,
        96.8697,
        0.919465
    ],
    "6": [
        45.6961,
        175.068,
        0.923567
    ],
    "7": [
        45.6795,
        235.397,
        0.9422
    ],
    "8": [
        6.35913,
        226.294,
        0.404241
    ],
    "9": [
        6.40959,
        337.701,
        0.547118
    ],
    "10": [
        24.5239,
        413.082,
        0.680894
    ],
    "11": [
        6.45603,
        229.385,
        0.757566
    ],
    "12": [
        6.42989,
        331.748,
        0.760709
    ],
    "13": [
        78.8267,
        385.943,
        0.821114
    ],
    "14": [
        6.34651,
        39.6547,
        0.487607
    ],
    "15": [
        6.41002,
        39.5741,
        0.920849
    ],
    "16": [
        NaN,
        NaN,
        NaN
    ],
    "17": [
        30.6445,
        42.6944,
        0.879776
    ]
}