{
    "0": [
        578.683,
        93.8044,
        0.90527
    ],
    "1": [
        596.794,
        129.988,
        0.867265
    ],
    "2": [
        587.586,
        129.91,
        0.875672
    ],
    "3": [
        581.57,
        184.199,
        0.406759
    ],
    "4": [
        560.491,
        226.255,
        0.410184
    ],
    "5": [
        611.749,
        132.878,
        0.945112
    ],
    "6": [
        614.784,
        187.12,
        0.890441
    ],
    "7": [
        608.754,
        232.403,
        0.961114
    ],
    "8": [
        572.69,
        229.333,
        0.839593
    ],
    "9": [
        575.66,
        298.667,
        0.806586
    ],
    "10": [
        605.759,
        358.777,
        0.774863
    ],
    "11": [
        590.697,
        232.341,
        0.918342
    ],
    "12": [
        569.534,
        301.572,
        0.944738
    ],
    "13": [
        608.687,
        358.85,
        0.82887
    ],
    "14": [
        575.612,
        87.7519,
        0.546062
    ],
    "15": [
        587.55,
        87.7825,
        0.970619
    ],
    "16": [
        NaN,
        NaN,
        NaN
    ],
    "17": [
        602.784,
        90.8129,
        0.895616
    ]
}