{
    "0": [
        449.19,
        87.7608,
        0.967053
    ],
    "1": [
        473.328,
        123.976,
        0.876312
    ],
    "2": [
        464.309,
        123.901,
        0.877072
    ],
    "3": [
        461.128,
        184.187,
        0.377288
    ],
    "4": [
        443.256,
        226.24,
        0.430432
    ],
    "5": [
        485.346,
        124.019,
        0.915795
    ],
    "6": [
        482.259,
        190.177,
        0.851768
    ],
    "7": [
        461.264,
        232.349,
        0.852528
    ],
    "8": [
        467.145,
        232.309,
        0.838376
    ],
    "9": [
        437.087,
        298.698,
        0.954297
    ],
    "10": [
        476.23,
        367.853,
        0.789141
    ],
    "11": [
        485.325,
        235.303,
        0.870687
    ],
    "12": [
        476.302,
        307.614,
        0.842993
    ],
    "13": [
        482.323,
        385.955,
        0.890092
    ],
    "14": [
        446.217,
        81.8707,
        0.476947
    ],
    "15": [
        458.183,
        81.7873,
        0.951584
    ],
    "16": [
        0,
        0,
        0
    ],
    "17": [
        476.293,
        81.8668,
        0.930882
    ]
}