{
    "0": [
        927.876,
        105.903,
        0.998029
    ],
    "1": [
        955.104,
        138.948,
        0.895963
    ],
    "2": [
        924.988,
        138.995,
        0.863372
    ],
    "3": [
        909.832,
        181.242,
        0.906849
    ],
    "4": [
        891.866,
        223.258,
        0.949278
    ],
    "5": [
        955.19,
        139.094,
        0.680246
    ],
    "6": [
        955.162,
        190.23,
        0.419679
    ],
    "7": [
        955.142,
        235.397,
        0.539023
    ],
    "8": [
        918.869,
        229.296,
        0.891879
    ],
    "9": [
        900.822,
        292.514,
        0.98803
    ],
    "10": [
        930.986,
        337.817,
        0.574689
    ],
    "11": [
        955.114,
        235.371,
        0.843271
    ],
    "12": [
        934.078,
        289.532,
        0.694271
    ],
    "13": [
        955.124,
        337.782,
        0.549477
    ],
    "14": [
        924.817,
        99.9416,
        0.72407
    ],
    "15": [
        931.058,
        99.8867,
        0.926876
    ],
    "16": [
        0,
        0,
        0
    ],
    "17": [
        955.149,
        102.795,
        1.00308
    ]
}