{
    "0": [
        614.665,
        99.7749,
        0.960517
    ],
    "1": [
        635.788,
        132.963,
        0.922438
    ],
    "2": [
        620.827,
        130.08,
        0.859494
    ],
    "3": [
        614.716,
        187.143,
        0.301948
    ],
    "4": [
        596.824,
        223.298,
        0.274904
    ],
    "5": [
        647.894,
        133.062,
        0.930486
    ],
    "6": [
        638.831,
        193.18,
        0.907493
    ],
    "7": [
        614.767,
        223.363,
        0.972718
    ],
    "8": [
        614.876,
        235.418,
        0.83286
    ],
    "9": [
        605.807,
        307.555,
        0.816287
    ],
    "10": [
        599.772,
        370.807,
        0.919788
    ],
    "11": [
        638.767,
        238.398,
        0.906019
    ],
    "12": [
        638.867,
        307.707,
        0.904306
    ],
    "13": [
        693.108,
        361.802,
        0.954041
    ],
    "14": [
        611.848,
        93.8719,
        0.409591
    ],
    "15": [
        617.76,
        90.8355,
        0.972754
    ],
    "16": [
        NaN,
        NaN,
        NaN
    ],
    "17": [
        635.948,
        96.7688,
        0.916204
    ]
}