{
    "0": [
        638.972,
        102.833,
        0.953447
    ],
    "1": [
        659.999,
        133.101,
        0.925489
    ],
    "2": [
        647.82,
        132.959,
        0.870929
    ],
    "3": [
        641.921,
        184.097,
        0.505478
    ],
    "4": [
        620.844,
        214.281,
        0.464059
    ],
    "5": [
        674.983,
        135.954,
        0.915289
    ],
    "6": [
        659.989,
        187.123,
        0.841109
    ],
    "7": [
        629.746,
        214.368,
        0.848965
    ],
    "8": [
        641.827,
        235.379,
        0.882698
    ],
    "9": [
        620.77,
        304.55,
        0.926962
    ],
    "10": [
        602.823,
        370.847,
        0.950451
    ],
    "11": [
        668.918,
        238.452,
        0.851907
    ],
    "12": [
        684.094,
        310.59,
        0.906681
    ],
    "13": [
        714.056,
        373.954,
        0.940648
    ],
    "14": [
        638.818,
        93.9273,
        0.575939
    ],
    "15": [
        644.945,
        93.9378,
        0.921265
    ],
    "16": [
        0,
        0,
        0
    ],
    "17": [
        665.882,
        99.8012,
        0.902013
    ]
}