{
    "0": [
        331.662,
        84.7927,
        0.955997
    ],
    "1": [
        361.835,
        120.912,
        0.821835
    ],
    "2": [
        355.782,
        120.885,
        0.797943
    ],
    "3": [
        355.873,
        178.248,
        0.244257
    ],
    "4": [
        331.858,
        226.449,
        0.22367
    ],
    "5": [
        367.815,
        120.991,
        0.866268
    ],
    "6": [
        364.912,
        187.116,
        0.914073
    ],
    "7": [
        346.837,
        235.354,
        0.90802
    ],
    "8": [
        358.828,
        232.3,
        0.74548
    ],
    "9": [
        343.739,
        313.631,
        0.863657
    ],
    "10": [
        346.847,
        392.032,
        0.559906
    ],
    "11": [
        361.772,
        232.448,
        0.852388
    ],
    "12": [
        340.841,
        316.645,
        0.870417
    ],
    "13": [
        416.032,
        358.796,
        0.55802
    ],
    "14": [
        328.649,
        78.7878,
        0.534994
    ],
    "15": [
        340.7,
        78.7635,
        0.948406
    ],
    "16": [
        0,
        0,
        0
    ],
    "17": [
        358.865,
        78.8157,
        0.922532
    ]
}