{
    "0": [
        205.359,
        78.6695,
        0.99639
    ],
    "1": [
        235.399,
        117.922,
        0.877631
    ],
    "2": [
        223.396,
        117.934,
        0.849285
    ],
    "3": [
        208.216,
        187.173,
        0.859524
    ],
    "4": [
        175.067,
        226.256,
        0.914188
    ],
    "5": [
        247.473,
        117.972,
        0.934752
    ],
    "6": [
        274.551,
        184.226,
        0.884272
    ],
    "7": [
        283.643,
        244.32,
        0.915563
    ],
    "8": [
        235.384,
        238.342,
        0.715688
    ],
    "9": [
        256.37,
        319.675,
        0.940728
    ],
    "10": [
        319.701,
        373.939,
        0.928852
    ],
    "11": [
        241.32,
        238.372,
        0.80562
    ],
    "12": [
        202.286,
        322.605,
        0.95147
    ],
    "13": [
        199.236,
        410.061,
        0.915199
    ],
    "14": [
        205.354,
        66.8217,
        0.326243
    ],
    "15": [
        214.281,
        66.773,
        0.9355
    ],
    "16": [
        6.4299,
        135.951,
        0.0548126
    ],
    "17": [
        238.376,
        72.7288,
        0.897512
    ]
}