{
    "0": [
        497.372,
        96.7711,
        0.966567
    ],
    "1": [
        518.399,
        133.006,
        0.945441
    ],
    "2": [
        503.349,
        132.995,
        0.923723
    ],
    "3": [
        491.252,
        187.28,
        0.791271
    ],
    "4": [
        461.26,
        220.309,
        0.920016
    ],
    "5": [
        533.515,
        133.012,
        0.927319
    ],
    "6": [
        548.497,
        190.165,
        0.88777
    ],
    "7": [
        560.547,
        235.446,
        0.897273
    ],
    "8": [
        503.418,
        235.337,
        0.779832
    ],
    "9": [
        521.5,
        307.59,
        0.936476
    ],
    "10": [
        578.584,
        367.856,
        0.971088
    ],
    "11": [
        518.465,
        238.301,
        0.850321
    ],
    "12": [
        491.366,
        307.627,
        0.897453
    ],
    "13": [
        482.302,
        388.977,
        0.879588
    ],
    "14": [
        494.408,
        87.863,
        0.688424
    ],
    "15": [
        506.364,
        87.8389,
        0.934294
    ],
    "16": [
        0,
        0,
        0
    ],
    "17": [
        524.43,
        90.924,
        0.873729
    ]
}