{
    "0": [
        6.39963,
        48.7246,
        0.902425
    ],
    "1": [
        30.6534,
        96.8919,
        0.826923
    ],
    "2": [
        6.45447,
        96.7829,
        0.748532
    ],
    "3": [
        6.38069,
        163.136,
        0.256439
    ],
    "4": [
        6.40692,
        226.293,
        0.141606
    ],
    "5": [
        48.7165,
        99.8002,
        0.910321
    ],
    "6": [
        51.6017,
        172.203,
        0.867795
    ],
    "7": [
        42.7505,
        235.33,
        0.891338
    ],
    "8": [
        6.42966,
        223.34,
        0.655862
    ],
    "9": [
        6.45658,
        328.753,
        0.660186
    ],
    "10": [
        30.5603,
        416.09,
        0.697204
    ],
    "11": [
        30.5711,
        229.276,
        0.787974
    ],
    "12": [
        6.47594,
        325.796,
        0.772729
    ],
    "13": [
        102.876,
        382.898,
        0.704629
    ],
    "14": [
        6.36828,
        42.6434,
        0.680904
    ],
    "15": [
        6.45582,
        39.6531,
        0.932852
    ],
    "16": [
        NaN,
        NaN,
        NaN
    ],
    "17": [
        39.5945,
        45.6847,
        0.834969
    ]
}