{
    "0": [
        30.6718,
        54.6859,
        0.967453
    ],
    "1": [
        63.7305,
        99.7757,
        0.824538
    ],
    "2": [
        54.691,
        96.8062,
        0.746891
    ],
    "3": [
        36.6605,
        163.063,
        0.275212
    ],
    "4": [
        6.39431,
        217.265,
        0.228008
    ],
    "5": [
        69.7887,
        99.8681,
        0.893782
    ],
    "6": [
        60.6291,
        169.093,
        0.852211
    ],
    "7": [
        30.4559,
        220.292,
        0.79086
    ],
    "8": [
        39.6587,
        232.418,
        0.749974
    ],
    "9": [
        27.5063,
        331.671,
        0.806241
    ],
    "10": [
        30.5781,
        419.055,
        0.868814
    ],
    "11": [
        63.683,
        235.362,
        0.859136
    ],
    "12": [
        66.6913,
        328.787,
        0.889326
    ],
    "13": [
        157.038,
        388.842,
        0.87164
    ],
    "14": [
        30.4419,
        45.5908,
        0.581103
    ],
    "15": [
        39.585,
        42.7075,
        0.96842
    ],
    "16": [
        NaN,
        NaN,
        NaN
    ],
    "17": [
        66.7093,
        51.7323,
        0.913559
    ]
}