{
    "0": [
        370.96,
        90.8013,
        0.961319
    ],
    "1": [
        397.914,
        124.038,
        0.880188
    ],
    "2": [
        388.962,
        123.899,
        0.76927
    ],
    "3": [
        382.974,
        178.123,
        0.492188
    ],
    "4": [
        349.88,
        205.271,
        0.500208
    ],
    "5": [
        404.07,
        124.008,
        0.874779
    ],
    "6": [
        388.985,
        178.185,
        0.818735
    ],
    "7": [
        346.802,
        205.317,
        0.873651
    ],
    "8": [
        385.954,
        235.348,
        0.830836
    ],
    "9": [
        358.886,
        310.578,
        0.891515
    ],
    "10": [
        349.824,
        388.93,
        0.9705
    ],
    "11": [
        404.086,
        238.384,
        0.837508
    ],
    "12": [
        419.007,
        313.592,
        0.868048
    ],
    "13": [
        467.281,
        376.818,
        0.925392
    ],
    "14": [
        370.857,
        84.9286,
        0.501367
    ],
    "15": [
        376.949,
        84.7919,
        0.992188
    ],
    "16": [
        6.45024,
        142.05,
        0.0523393
    ],
    "17": [
        397.995,
        84.8503,
        0.950886
    ]
}