{
    "0": [
        148.037,
        63.7547,
        0.968961
    ],
    "1": [
        181.274,
        102.827,
        0.849288
    ],
    "2": [
        175.194,
        99.7974,
        0.755562
    ],
    "3": [
        163.068,
        169.122,
        0.307905
    ],
    "4": [
        133.092,
        211.244,
        0.210922
    ],
    "5": [
        190.23,
        105.764,
        0.946546
    ],
    "6": [
        172.172,
        178.207,
        0.842795
    ],
    "7": [
        141.942,
        223.272,
        0.868226
    ],
    "8": [
        172.145,
        226.383,
        0.761822
    ],
    "9": [
        139.103,
        310.577,
        0.878433
    ],
    "10": [
        190.14,
        392.018,
        0.716518
    ],
    "11": [
        190.268,
        229.329,
        0.845007
    ],
    "12": [
        181.199,
        319.75,
        0.911029
    ],
    "13": [
        196.304,
        407.08,
        0.901142
    ],
    "14": [
        148.038,
        57.7124,
        0.293888
    ],
    "15": [
        156.997,
        57.7285,
        1.01927
    ],
    "16": [
        0,
        0,
        0
    ],
    "17": [
        178.268,
        60.6351,
        0.990371
    ]
}