{
    "0": [
        286.601,
        81.8091,
        0.922458
    ],
    "1": [
        319.607,
        117.901,
        0.874228
    ],
    "2": [
        304.658,
        117.973,
        0.866894
    ],
    "3": [
        286.567,
        175.125,
        0.835694
    ],
    "4": [
        250.391,
        211.319,
        0.971222
    ],
    "5": [
        328.825,
        117.947,
        0.933424
    ],
    "6": [
        346.861,
        184.249,
        0.895884
    ],
    "7": [
        355.759,
        241.386,
        0.888921
    ],
    "8": [
        307.588,
        232.413,
        0.796597
    ],
    "9": [
        322.723,
        316.717,
        0.897455
    ],
    "10": [
        343.812,
        394.941,
        0.875858
    ],
    "11": [
        319.628,
        232.44,
        0.86964
    ],
    "12": [
        277.433,
        307.645,
        0.936039
    ],
    "13": [
        289.56,
        400.95,
        0.906063
    ],
    "14": [
        283.578,
        75.7559,
        0.325278
    ],
    "15": [
        295.572,
        75.7489,
        0.928215
    ],
    "16": [
        0,
        0,
        0
    ],
    "17": [
        316.682,
        75.8088,
        0.960231
    ]
}