{
    "0": [
        596.792,
        93.8595,
        0.899043
    ],
    "1": [
        617.896,
        133.032,
        0.868838
    ],
    "2": [
        608.652,
        132.94,
        0.86299
    ],
    "3": [
        602.806,
        190.18,
        0.219305
    ],
    "4": [
        590.7,
        226.307,
        0.26616
    ],
    "5": [
        635.787,
        135.935,
        0.909862
    ],
    "6": [
        632.748,
        196.193,
        0.818848
    ],
    "7": [
        611.881,
        229.326,
        0.959223
    ],
    "8": [
        602.672,
        232.278,
        0.791538
    ],
    "9": [
        602.689,
        307.627,
        0.82118
    ],
    "10": [
        596.794,
        373.872,
        0.752716
    ],
    "11": [
        620.784,
        232.396,
        0.876295
    ],
    "12": [
        608.77,
        307.723,
        0.904432
    ],
    "13": [
        675.013,
        352.897,
        0.767552
    ],
    "14": [
        593.827,
        87.9422,
        0.308343
    ],
    "15": [
        605.758,
        87.7951,
        0.938625
    ],
    "16": [
        NaN,
        NaN,
        NaN
    ],
    "17": [
        620.868,
        93.7964,
        0.898824
    ]
}