{
    "0": [
        512.466,
        96.9159,
        0.942548
    ],
    "1": [
        536.392,
        135.983,
        0.910714
    ],
    "2": [
        518.52,
        136.012,
        0.882452
    ],
    "3": [
        506.352,
        193.285,
        0.818678
    ],
    "4": [
        464.28,
        214.274,
        0.897641
    ],
    "5": [
        548.575,
        136.041,
        0.921606
    ],
    "6": [
        569.573,
        190.182,
        0.890313
    ],
    "7": [
        584.558,
        238.299,
        0.931796
    ],
    "8": [
        518.452,
        241.38,
        0.806872
    ],
    "9": [
        548.524,
        307.612,
        0.891605
    ],
    "10": [
        587.687,
        373.82,
        0.991359
    ],
    "11": [
        533.424,
        241.45,
        0.795669
    ],
    "12": [
        500.457,
        310.721,
        0.888989
    ],
    "13": [
        485.245,
        388.989,
        0.914931
    ],
    "14": [
        512.358,
        90.8825,
        0.57165
    ],
    "15": [
        518.449,
        90.7994,
        0.967583
    ],
    "16": [
        NaN,
        NaN,
        NaN
    ],
    "17": [
        539.487,
        93.8992,
        0.930751
    ]
}