{
    "0": [
        539.491,
        96.863,
        0.975854
    ],
    "1": [
        563.556,
        133.098,
        0.947031
    ],
    "2": [
        545.569,
        133.064,
        0.918298
    ],
    "3": [
        530.482,
        187.151,
        0.872288
    ],
    "4": [
        494.26,
        214.222,
        0.891474
    ],
    "5": [
        578.65,
        135.972,
        0.925687
    ],
    "6": [
        593.685,
        190.136,
        0.892606
    ],
    "7": [
        608.741,
        232.455,
        0.957804
    ],
    "8": [
        548.488,
        235.413,
        0.831152
    ],
    "9": [
        569.607,
        307.578,
        0.902509
    ],
    "10": [
        590.797,
        373.998,
        0.96962
    ],
    "11": [
        560.559,
        238.378,
        0.854499
    ],
    "12": [
        527.443,
        307.576,
        0.905328
    ],
    "13": [
        500.458,
        382.849,
        0.880431
    ],
    "14": [
        539.464,
        90.918,
        0.455704
    ],
    "15": [
        542.638,
        87.9252,
        0.967667
    ],
    "16": [
        0,
        0,
        0
    ],
    "17": [
        563.682,
        93.8153,
        0.923848
    ]
}