{
    "0": [
        684.144,
        96.8263,
        0.938629
    ],
    "1": [
        708.028,
        132.926,
        0.904093
    ],
    "2": [
        693.11,
        130.069,
        0.85873
    ],
    "3": [
        684.108,
        184.206,
        0.412051
    ],
    "4": [
        675.001,
        223.245,
        0.377281
    ],
    "5": [
        720.104,
        132.995,
        0.911249
    ],
    "6": [
        711.26,
        190.115,
        0.859044
    ],
    "7": [
        690.136,
        223.369,
        0.90237
    ],
    "8": [
        686.979,
        229.375,
        0.876654
    ],
    "9": [
        659.974,
        295.624,
        0.949061
    ],
    "10": [
        677.922,
        364.907,
        0.969497
    ],
    "11": [
        711.049,
        232.414,
        0.900233
    ],
    "12": [
        708.211,
        304.702,
        0.921955
    ],
    "13": [
        714.211,
        376.815,
        0.902752
    ],
    "14": [
        684.067,
        90.8258,
        0.484768
    ],
    "15": [
        690.032,
        87.9127,
        0.966705
    ],
    "16": [
        0,
        0,
        0
    ],
    "17": [
        708.248,
        90.9178,
        0.908224
    ]
}