{
  "mDx1": {
    "0": 32.0564545455
  },
  "mDx2": {
    "0": 41.4281818182
  },
  "mDx3": {
    "0": 43.5619090909
  },
  "mDx4": {
    "0": 6.7486818182
  },
  "mDx5": {
    "0": 9.7107272727
  },
  "mDx6": {
    "0": 34.042
  },
  "mDy1": {
    "0": 237.7240909091
  },
  "mDy2": {
    "0": 185.8436818182
  },
  "mDy3": {
    "0": 3.0230909091
  },
  "Dis0_1": {
    "0": 37.1458268243
  },
  "Dis2_3": {
    "0": 45.7588548833
  },
  "Dis3_4": {
    "0": 43.8939710606
  },
  "Dis1_8": {
    "0": 94.6339820699
  },
  "Dis8_9": {
    "0": 63.9504533529
  },
  "Dis9_10": {
    "0": 60.4339887354
  },
  "Dis1_11": {
    "0": 96.6011936316
  },
  "Dis11_12": {
    "0": 59.8999175649
  },
  "Dis12_13": {
    "0": 50.0456231486
  },
  "Dis5_6": {
    "0": 51.5701608235
  },
  "Dis6_7": {
    "0": 36.6439016542
  },
  "Dis1_8and11": {
    "0": 95.6175878508
  },
  "Height": {
    "0": 249.9284060759
  },
  "stDx1": {
    "0": 31.3487189447
  },
  "stDx2": {
    "0": 7.7462773617
  },
  "stDx3": {
    "0": 19.2830534898
  },
  "stDx4": {
    "0": 7.1173285237
  },
  "stDx5": {
    "0": 4.6146403401
  },
  "stDx6": {
    "0": 9.6619212789
  },
  "stDy1": {
    "0": 7.8583138835
  },
  "stDy2": {
    "0": 2.6912212959
  },
  "stDy3": {
    "0": 4.2230807109
  }
}